origin,fen,pgn,single,reflection,majority,debate_weighted,single_text,reflection_text,majority_text,debate_weighted_text,agent_meta,agent_final_texts,debate_history
h6,rnbqk1n1/1ppp1pp1/4p2B/p6p/3P1b1P/5PP1/PPP1P3/RN1QKBNR w KQq - 1 7,"[Event ""?""]
[Site ""?""]
[Date ""????.??.??""]
[Round ""?""]
[White ""?""]
[Black ""?""]
[Result ""*""]

1. f3 e6 2. h4 h5 3. g3 Bd6 4. d4 a5 5. Bf4 Rh6 6. Bxh6 Bf4 *",False,False,True,True,"One valid destination square for the chess piece at h6 is (g5).
This is a valid move because the bishop can move diagonally to g5 from h6.",e5,Final Answer: g5,Final Answer: g5,"[{""name"": ""Analyst"", ""reliability"": 0.5}, {""name"": ""Analyst"", ""reliability"": 0.5}, {""name"": ""Analyst"", ""reliability"": 0.5}]","[""Final Answer: g5"", ""Final Answer: g5"", ""Final Answer: g5""]","[{""round"": 0, ""responses"": [""The valid destination square for the chess piece at h6 is (g7).\nThis is a valid move because the bishop can move diagonally to capture the opponent's piece on g7."", ""The valid destination square for the chess piece at h6 is (g5).\nThis is a valid move because the bishop can move diagonally to capture the pawn at g5."", ""The valid destination square for the chess piece at h6 is (g5).\nThis is a valid move because the bishop can move diagonally to capture the pawn at g5.""]}, {""round"": 1, ""responses"": [""The valid destination square for the chess piece at h6 is (g5).\nThis is a valid move because the bishop can move diagonally to capture the pawn at g5.\n\nFinal Answer: g5"", ""The valid destination square for the chess piece at h6 is (g5).\nThis is a valid move because the bishop can move diagonally to capture the pawn at g5.\n\nFinal Answer: g5"", ""The valid destination square for the chess piece at h6 is (g5).\nThis is a valid move because the bishop can move diagonally to capture the pawn at g5.\n\nFinal Answer: g5""]}, {""round"": 2, ""responses"": [""Final Answer: g5"", ""Final Answer: g5"", ""Final Answer: g5""]}]"
e1,rn1qkbnr/1pp1ppp1/3pb3/p6p/8/PP3P2/1BPPP1PP/RN1QKBNR w KQkq - 2 5,"[Event ""?""]
[Site ""?""]
[Date ""????.??.??""]
[Round ""?""]
[White ""?""]
[Black ""?""]
[Result ""*""]

1. f3 a5 2. a3 h5 3. b3 d6 4. Bb2 Be6 *",False,False,False,False,"(e2) is a valid destination square for the chess piece at e1.
This is a valid move because the white king can legally move one square in any direction, including to e2.",(c3),Final answer: c3,Final answer: c3,"[{""name"": ""Analyst"", ""reliability"": 0.5}, {""name"": ""Analyst"", ""reliability"": 0.5}, {""name"": ""Analyst"", ""reliability"": 0.5}]","[""Final answer: c3"", ""Final answer: c3"", ""Final answer: e2""]","[{""round"": 0, ""responses"": [""(e2) is a valid destination square for the chess piece at e1.\nIt is a valid move because the bishop at f1 can move to e2 along the diagonal."", ""The valid destination square for the chess piece at e1 is (c3).\nThis move is valid because the bishop can move diagonally to c3."", ""(e2) - The destination square e2 is valid for the White bishop on e1 because it can move diagonally to an adjacent square.""]}, {""round"": 1, ""responses"": [""The valid destination square for the White bishop on e1 is (c3).\nThis move is valid because the bishop can move diagonally to c3.\n\nFinal answer: c3"", ""Valid move. Destination square: e2.  \nFinal answer: e2"", ""The destination square (c3) is a valid move for the bishop at e1. The bishop can move diagonally to c3.  \nFinal answer: c3""]}, {""round"": 2, ""responses"": [""Final answer: c3"", ""Final answer: c3"", ""Final answer: e2""]}]"
e8,r1bqkbnr/pp2ppp1/2pp3p/8/1P1nN3/P5P1/R1PPPP1P/2BQKBNR b Kkq - 1 6,"[Event ""?""]
[Site ""?""]
[Date ""????.??.??""]
[Round ""?""]
[White ""?""]
[Black ""?""]
[Result ""*""]

1. a3 Nc6 2. Ra2 d6 3. g3 h6 4. Nc3 Nd4 5. b4 c6 6. Ne4 *",False,False,False,False,(e7) - The destination square e7 is valid for the chess piece at e8 because it is a legal move for a black pawn to move one square forward from e8 to e7.,e7,"Final answer: e7
Response: Valid","Final answer: e7
Response: Valid","[{""name"": ""Analyst"", ""reliability"": 0.5}, {""name"": ""Analyst"", ""reliability"": 0.5}, {""name"": ""Analyst"", ""reliability"": 0.5}]","[""Final answer: e7\nResponse: e7"", ""Final answer: e7\nResponse: Valid"", ""Final answer: e7\nResponse: Valid""]","[{""round"": 0, ""responses"": [""(e7) is a valid destination square for the chess piece at e8.\nThis is a valid move because the black pawn at e7 can move one square forward."", ""(e7) - The destination square e7 is a valid move for the Black pawn at e8 because it can move one square forward to capture the White knight at e4."", ""(e7) is a valid destination square for the chess piece at e8.\nThis is a valid move because the pawn at e7 can move one square forward.""]}, {""round"": 1, ""responses"": [""(e7) - The destination square e7 is a valid move for the Black pawn at e8 because it can move one square forward to capture the White knight at e4.\n\nFinal answer: e7\nResponse: Valid"", ""The destination square (e7) is a valid move for the chess piece at e8. The black pawn at e7 can move one square forward.  \nFinal answer: e7"", ""(e7) is a valid destination square for the chess piece at e8.  \nFinal answer: e7""]}, {""round"": 2, ""responses"": [""Final answer: e7\nResponse: e7"", ""Final answer: e7\nResponse: Valid"", ""Final answer: e7\nResponse: Valid""]}]"
b7,r1bqkb1r/ppp1pppp/7n/n2p4/7P/NP6/P1PPPPP1/R1BQKBNR b Qkq - 0 5,"[Event ""?""]
[Site ""?""]
[Date ""????.??.??""]
[Round ""?""]
[White ""?""]
[Black ""?""]
[Result ""*""]

1. h4 Nc6 2. Na3 Na5 3. Rh2 Nh6 4. Rh1 d5 5. b3 *",False,False,False,False,(a6) - The destination square a6 is a valid move for the piece at b7 because the pawn at b7 can move one square forward to a6.,a6,"Final answer: a6
Response: a6","Final answer: a6
Response: a6","[{""name"": ""Analyst"", ""reliability"": 0.4}, {""name"": ""Analyst"", ""reliability"": 0.4}, {""name"": ""Analyst"", ""reliability"": 0.4}]","[""Final answer: (c5)"", ""Final answer: a6\nResponse: a6"", ""Final answer: b7""]","[{""round"": 0, ""responses"": [""The valid destination square for the chess piece at b7 is (c5).\nThis is a valid move because the knight can move to c5 from b7 in one move according to the rules of chess."", ""(a6) - The destination square a6 is valid for the chess piece at b7 because the pawn at b7 can move one square forward to a6."", ""(a6) - The destination square a6 is valid for the chess piece at b7 because the pawn at b7 can move one square forward to a6.""]}, {""round"": 1, ""responses"": [""Yes, the destination square a6 is a valid move for the pawn at b7 as it can move one square forward to a6.  \nFinal answer: a6"", ""The destination square a6 is not a valid move for the chess piece at b7. The pawn at b7 cannot move to a6 in one move according to the rules of chess.\n\nFinal answer: (c5)"", ""The destination square a6 is valid for the chess piece at b7 because the pawn at b7 can move one square forward to a6.  \nFinal answer: a6""]}, {""round"": 2, ""responses"": [""Final answer: (c5)"", ""Final answer: a6\nResponse: a6"", ""Final answer: b7""]}]"
d1,rnbqk2r/p1ppnp1p/3b2p1/1p2p3/P7/3PK1P1/1PP1PP1P/RNBQ1BNR w kq - 0 6,"[Event ""?""]
[Site ""?""]
[Date ""????.??.??""]
[Round ""?""]
[White ""?""]
[Black ""?""]
[Result ""*""]

1. a4 e5 2. d3 Bd6 3. g3 g6 4. Kd2 Ne7 5. Ke3 b5 *",False,False,False,False,"The valid destination square for the chess piece at d1 is (c2).
This is a valid move because the White king can legally move to c2 in the given position.",e2,Final answer: c2,Final answer: c2,"[{""name"": ""Analyst"", ""reliability"": 0.4}, {""name"": ""Analyst"", ""reliability"": 0.4}, {""name"": ""Analyst"", ""reliability"": 0.4}]","[""Final answer: c2"", ""Final answer: e2"", ""Final answer: c2""]","[{""round"": 0, ""responses"": [""The valid destination square for the chess piece at d1 is (e2).\nThis is a valid move because the King can move to any adjacent square, including e2."", ""(d2) is a valid destination square for the chess piece at d1.\nThis is a valid move because the White king can move to d2 in order to avoid being captured by the Black bishop on d6."", ""The valid destination square for the chess piece at d1 is (c2).\nThis is a valid move because the White king can legally move to c2 in the given position.""]}, {""round"": 1, ""responses"": [""The destination square (c2) is a valid move for the White king in the given position. The White king can legally move to c2 to avoid being captured by the Black bishop on d6.  \nFinal answer: c2"", ""The valid destination square for the chess piece at d1 is c2.\nThis is a valid move because the White king can legally move to c2 in the given position.\n\nc2"", ""The valid destination square for the chess piece at d1 is (e2).\nThis is a valid move because the King can move to any adjacent square, including e2.\n\nFinal answer: e2""]}, {""round"": 2, ""responses"": [""Final answer: c2"", ""Final answer: e2"", ""Final answer: c2""]}]"
a4,rnbqkb1r/pppp1p1p/4p3/3n2p1/P1P3P1/8/1PQPPP1P/RNB1KBNR w KQkq - 1 5,"[Event ""?""]
[Site ""?""]
[Date ""????.??.??""]
[Round ""?""]
[White ""?""]
[Black ""?""]
[Result ""*""]

1. c4 g5 2. Qc2 Nf6 3. g4 e6 4. a4 Nd5 *",False,False,False,False,(a7) - The destination square a7 is a valid move for the piece at a4 because it is a legal square for a white pawn to move to on its first move.,(a4),Final answer: b5,Final answer: b5,"[{""name"": ""Analyst"", ""reliability"": 0.4}, {""name"": ""Analyst"", ""reliability"": 0.4}, {""name"": ""Analyst"", ""reliability"": 0.4}]","[""Final answer: b5"", ""Final answer: b5"", ""Final answer: a4""]","[{""round"": 0, ""responses"": [""(a7) - The destination square a7 is valid for the chess piece at a4 because it is a legal move for a pawn to capture an opponent's piece diagonally."", ""(a4) is a valid destination square for the chess piece at a4.\nIt is a valid move because the piece at a4 can move to its own square, which is allowed in chess notation to indicate a capture."", ""(a4) is a valid destination square for the chess piece at a4.\nThis is a valid move because the piece at a4 is a pawn, and pawns can move forward one square.""]}, {""round"": 1, ""responses"": [""(a4) is a valid destination square for the chess piece at a4. It is a valid move because the piece at a4 can move to its own square, which is allowed in chess notation to indicate a capture.\n\nFinal answer: a4"", ""(a4) - The destination square a4 is valid for the chess piece at a4 because it is a legal move for a pawn to move forward one square.\n\nFinal answer: a4"", ""(a4) - The destination square a4 is not a valid move for the chess piece at a4. The piece cannot move to its own square.  \nb5""]}, {""round"": 2, ""responses"": [""Final answer: b5"", ""Final answer: b5"", ""Final answer: a4""]}]"
h1,rnbqk1nr/pp1pppb1/6p1/6Np/P1pP4/4P3/1PP1KPPP/RNBQ1B1R w kq - 2 7,"[Event ""?""]
[Site ""?""]
[Date ""????.??.??""]
[Round ""?""]
[White ""?""]
[Black ""?""]
[Result ""*""]

1. d4 h6 2. e3 g6 3. a4 c5 4. Nf3 h5 5. Ke2 c4 6. Ng5 Bg7 *",False,False,False,False,"(a3) is a valid destination square for the chess piece at h1.
This move is valid because the White knight can move to a3 from h1 in one move.",e2,Final Answer: g5,Final Answer: g5,"[{""name"": ""Analyst"", ""reliability"": 0.4}, {""name"": ""Analyst"", ""reliability"": 0.4}, {""name"": ""Analyst"", ""reliability"": 0.4}]","[""Final answer: g5"", ""Final Answer: g5"", ""Final Answer: e2""]","[{""round"": 0, ""responses"": [""(a3) - This is a valid destination square for the chess piece at h1 because the White knight can move to a3 from h1 in one move."", ""(a3) is a valid destination square for the chess piece at h1 because the White knight can move to a3 from its current position at g5."", ""(e2) - The destination square e2 is a valid move for the White king as it can legally move two squares to the right or left in a single move, following the rules of chess.""]}, {""round"": 1, ""responses"": [""(a3) is a valid destination square for the White knight at g5.  \n(e2) is a valid destination square for the White king.  \n\nFinal Answer: e2"", ""(e2) - This is a valid destination square for the White king as it can legally move two squares to the right or left in a single move, following the rules of chess.\n\nFinal answer: e2"", ""(a3) - This is a valid destination square for the chess piece at h1 because the White knight can move to a3 from h1 in one move.\n\nFinal answer: g5""]}, {""round"": 2, ""responses"": [""Final answer: g5"", ""Final Answer: g5"", ""Final Answer: e2""]}]"
h8,r1bqkb1r/1ppppppp/n4n2/p6P/4P3/8/PPPPBPP1/RNBQK1NR b KQkq - 2 4,"[Event ""?""]
[Site ""?""]
[Date ""????.??.??""]
[Round ""?""]
[White ""?""]
[Black ""?""]
[Result ""*""]

1. e4 a5 2. h4 Na6 3. h5 Nf6 4. Be2 *",False,False,False,False,(e7) - The destination square e7 is a valid move for the piece at h8 because the knight can move to e7 in one move.,e7,"Final answer: a7

Yes, I have double-checked the valid move justifications from other agents, and the correct destination square for the Black knight at h8 is indeed a7.","Final answer: a7

Yes, I have double-checked the valid move justifications from other agents, and the correct destination square for the Black knight at h8 is indeed a7.","[{""name"": ""Analyst"", ""reliability"": 0.4}, {""name"": ""Analyst"", ""reliability"": 0.4}, {""name"": ""Analyst"", ""reliability"": 0.4}]","[""The destination square a7 is a valid move for the chess piece at h8 according to the other agents' suggestions. \n\nFinal answer: a7"", ""Final answer: a7\n\nYes, I have double-checked the valid move justifications from other agents, and the correct destination square for the Black knight at h8 is indeed a7."", ""Final answer: e7""]","[{""round"": 0, ""responses"": [""(a7) is a valid destination square for the chess piece at h8.\nThis is a valid move for the black rook to develop and potentially control the a-file."", ""(e7) - The destination square e7 is a valid move for the Black knight at h8 because it allows the knight to develop and control the center of the board."", ""(e7) - The destination square e7 is a valid move for the Black knight at h8 because it can move to any square on the board regardless of the position of other pieces.""]}, {""round"": 1, ""responses"": [""The destination square e7 is a valid move for the Black knight at h8 because it allows the knight to develop and control the center of the board.  \nFinal answer: e7"", ""(a7) is a valid destination square for the chess piece at h8."", ""(e7) is not a valid destination square for the Black knight at h8. The correct destination square is a7. \n\nFinal answer: a7""]}, {""round"": 2, ""responses"": [""The destination square a7 is a valid move for the chess piece at h8 according to the other agents' suggestions. \n\nFinal answer: a7"", ""Final answer: a7\n\nYes, I have double-checked the valid move justifications from other agents, and the correct destination square for the Black knight at h8 is indeed a7."", ""Final answer: e7""]}]"
h3,rnbk1bnr/pp1pp1p1/5p1p/2p5/P1P5/1q5N/1P1PPPPP/R1BQKB1R w KQ - 1 7,"[Event ""?""]
[Site ""?""]
[Date ""????.??.??""]
[Round ""?""]
[White ""?""]
[Black ""?""]
[Result ""*""]

1. Na3 c5 2. Nc4 h6 3. Nh3 f6 4. Nb6 Qxb6 5. c4 Qb3 6. a4 Kd8 *",False,False,False,False,"The valid destination square for the chess piece at h3 is (d2).
This is a valid move because the knight can move to any square that is two squares away horizontally and one square away vertically.",The valid destination square for the chess piece at h3 is d2.,Final answer: d2,Final answer: d2,"[{""name"": ""Analyst"", ""reliability"": 0.4}, {""name"": ""Analyst"", ""reliability"": 0.4}, {""name"": ""Analyst"", ""reliability"": 0.4}]","[""Final answer: d2"", ""Final answer: d2"", ""Final answer: a4""]","[{""round"": 0, ""responses"": [""(a4) is a valid destination square for the chess piece at h3. This move is valid because the knight at h3 can move to a4 in one move."", ""The valid destination square for the chess piece at h3 is (d2).\nThis is a valid move because the knight can move to any square that is two squares away horizontally and one square away vertically."", ""(a4) is a valid destination square for the chess piece at h3. This move is valid because the knight at h3 can move to a4 in one move.""]}, {""round"": 1, ""responses"": [""The destination square (a4) is a valid move for the knight at h3. The knight can move to a4 in one move, as it is two squares away horizontally and one square away vertically.  \nFinal answer: a4"", ""(a4) is a valid destination square for the chess piece at h3. The knight at h3 can indeed move to a4 in one move.  \nFinal answer: a4"", ""The destination square (a4) suggested by the other agent is not a valid move for the knight at h3. The correct valid destination square for the knight at h3 is (d2).\n\nFinal answer: d2""]}, {""round"": 2, ""responses"": [""Final answer: d2"", ""Final answer: d2"", ""Final answer: a4""]}]"
g1,rnbqkbnr/p1pp2pp/1p6/4pp2/PP3P2/8/2PPP1PP/RNBQKBNR w KQkq - 0 4,"[Event ""?""]
[Site ""?""]
[Date ""????.??.??""]
[Round ""?""]
[White ""?""]
[Black ""?""]
[Result ""*""]

1. f4 b6 2. a4 f5 3. b4 e5 *",False,True,False,False,"(e3) is a valid destination square for the chess piece at g1.
This is a valid move because the white pawn at g1 can move to e3 in one move.",f3,"Final answer: e3
Response: e3","Final answer: e3
Response: e3","[{""name"": ""Analyst"", ""reliability"": 0.4}, {""name"": ""Analyst"", ""reliability"": 0.4}, {""name"": ""Analyst"", ""reliability"": 0.4}]","[""Final answer: e3"", ""Final answer: e3\nValid move. Final answer: e3"", ""Final answer: e3\nResponse: e3""]","[{""round"": 0, ""responses"": [""(e3) - The destination square e3 is a valid move for the chess piece at g1 because it is a legal square for a white bishop to move to on the board."", ""(e3) - The destination square e3 is a valid move for the chess piece at g1 because it allows the White bishop to develop and control the central squares."", ""(e3) - The destination square e3 is a valid move for the chess piece at g1 because the pawn at f2 has already moved, allowing the bishop to move out to e3.""]}, {""round"": 1, ""responses"": [""The destination square e3 is a valid move for the chess piece at g1 because it allows the White bishop to develop and control the central squares.  \nFinal answer: e3"", ""The destination square e3 is a valid move for the chess piece at g1 because it is a legal square for a white bishop to move to on the board.  \nAnswer: e3"", ""Valid move. Final answer: e3""]}, {""round"": 2, ""responses"": [""Final answer: e3"", ""Final answer: e3\nValid move. Final answer: e3"", ""Final answer: e3\nResponse: e3""]}]"
d7,rnb1kbnr/p2pp1p1/8/qpp2p1p/3PPP2/2N5/PPP3PP/R1BQKBNR b KQkq - 0 6,"[Event ""?""]
[Site ""?""]
[Date ""????.??.??""]
[Round ""?""]
[White ""?""]
[Black ""?""]
[Result ""*""]

1. d3 f5 2. e3 c5 3. f4 h5 4. e4 Qa5+ 5. Nc3 b5 6. d4 *",False,False,False,False,(e6) - The pawn at d7 can move to e6 to capture the pawn at f5 with en passant after White played e4.,(e6),"Final answer: e6
Valid move: e6","Final answer: e6
Valid move: e6","[{""name"": ""Analyst"", ""reliability"": 0.4}, {""name"": ""Analyst"", ""reliability"": 0.4}, {""name"": ""Analyst"", ""reliability"": 0.4}]","[""Final answer: e6\nValid move."", ""Final answer: e6\nValid move: e6"", ""Final answer: e6\nValid move: e6""]","[{""round"": 0, ""responses"": [""(e6) - The destination square e6 is a valid move for the chess piece at d7 because it allows the Black pawn to advance and control the center of the board."", ""(e6) - The pawn at d7 can move to e6 to capture the pawn at f5 with en passant after White played e4."", ""(e6) - The pawn at d7 can move to e6 to capture the pawn at f5 with en passant after White played e4.""]}, {""round"": 1, ""responses"": [""The destination square (e6) is a valid move for the pawn at d7 to capture the pawn at f5 with en passant after White played e4.  \nFinal answer: e6"", ""The destination square e6 is a valid move for the pawn at d7 because it allows for en passant capture of the pawn at f5 after White played e4.  \nFinal answer: e6"", ""The destination square e6 is a valid move for the pawn at d7 because it allows the Black pawn to advance and control the center of the board.  \nFinal answer: e6""]}, {""round"": 2, ""responses"": [""Final answer: e6\nValid move."", ""Final answer: e6\nValid move: e6"", ""Final answer: e6\nValid move: e6""]}]"
g1,r1b1qbnr/ppppp1p1/n3k2p/P4p2/2P2P1P/8/1P1PP1P1/RNBQKBNR w KQ - 1 7,"[Event ""?""]
[Site ""?""]
[Date ""????.??.??""]
[Round ""?""]
[White ""?""]
[Black ""?""]
[Result ""*""]

1. f4 h6 2. h4 Na6 3. c3 f5 4. c4 Kf7 5. a4 Ke6 6. a5 Qe8 *",True,True,True,True,"The valid destination square for the chess piece at g1 is (f3).
This move is valid because the white bishop can move to f3, which is an unobstructed diagonal square.",f3,"Final Answer: f3

Valid Move Justification: The white bishop at g1 can move diagonally to f3.","Final Answer: f3

Valid Move Justification: The white bishop at g1 can move diagonally to f3.","[{""name"": ""Analyst"", ""reliability"": 0.4}, {""name"": ""Analyst"", ""reliability"": 0.4}, {""name"": ""Analyst"", ""reliability"": 0.4}]","[""Final Answer: f3\n\nValid move justification: The white bishop at g1 can move diagonally to f3 in one move."", ""The valid destination square for the chess piece at g1 is f3.  \nFinal answer: f3  \nResponse: f3"", ""Final Answer: f3\n\nValid Move Justification: The white bishop at g1 can move diagonally to f3.""]","[{""round"": 0, ""responses"": [""The valid destination square for the chess piece at g1 is (f3).\nThis is a valid move because the white bishop can move to f3 in one move."", ""The valid destination square for the chess piece at g1 is (f3).\nThis move is valid because the white bishop can move to f3 in one move."", ""The valid destination square for the chess piece at g1 is (f3).\nThis is a valid move because the white bishop can move diagonally to f3.""]}, {""round"": 1, ""responses"": [""The valid destination square for the chess piece at g1 is (f3).\nThis move is valid because the white bishop can move diagonally to f3.\nFinal answer: f3"", ""The valid destination square for the chess piece at g1 is (f3).\nThis is a valid move because the white bishop can move diagonally to f3.\n\nFinal Answer: f3"", ""The valid destination square for the chess piece at g1 is (f3).\nThis move is valid because the white bishop can move to f3 in one move.\n\nFinal answer: f3""]}, {""round"": 2, ""responses"": [""Final Answer: f3\n\nValid move justification: The white bishop at g1 can move diagonally to f3 in one move."", ""The valid destination square for the chess piece at g1 is f3.  \nFinal answer: f3  \nResponse: f3"", ""Final Answer: f3\n\nValid Move Justification: The white bishop at g1 can move diagonally to f3.""]}]"
e8,r1bqkbnr/p2pp1pp/2p2p2/1pn5/5Q2/2P5/PP1PPPPP/RNB1KBNR b KQkq - 1 6,"[Event ""?""]
[Site ""?""]
[Date ""????.??.??""]
[Round ""?""]
[White ""?""]
[Black ""?""]
[Result ""*""]

1. c3 Na6 2. Qc2 c6 3. Qa4 Nc5 4. Qe4 f6 5. Qa4 b5 6. Qf4 *",False,False,False,False,(e7) - The destination square e7 is a valid move for the Black pawn on e8 because it can move one square forward.,e7,Final answer: f6,Final answer: f6,"[{""name"": ""Analyst"", ""reliability"": 0.4}, {""name"": ""Analyst"", ""reliability"": 0.4}, {""name"": ""Analyst"", ""reliability"": 0.4}]","[""Final answer: f6"", ""Final answer: f6"", ""Final answer: e7\nValid move.""]","[{""round"": 0, ""responses"": [""(e7) - The destination square e7 is a valid move for the chess piece at e8 because the Black pawn at f6 has been moved, allowing the Black king to castle kingside."", ""The valid destination square for the chess piece at e8 is (f6).\nThis is a valid move because the knight at c5 can capture the piece at e8."", ""(e7) - The destination square e7 is a valid move for the chess piece at e8 because it is a legal square for a king to move one square diagonally.""]}, {""round"": 1, ""responses"": [""The destination square e7 is a valid move for the chess piece at e8 because it is a legal square for a king to move one square diagonally.  \nFinal answer: e7"", ""The destination square e7 is a valid move for the chess piece at e8 because it is a legal square for a king to move one square diagonally.  \nFinal answer: e7"", ""The destination square (f6) is a valid move for the chess piece at e8 because the knight at c5 can capture the piece at e8.  \nFinal answer: f6""]}, {""round"": 2, ""responses"": [""Final answer: f6"", ""Final answer: f6"", ""Final answer: e7\nValid move.""]}]"
e7,rnbq1bnr/ppppkp1p/6p1/4p3/2P3P1/N7/PP1PPP1P/R1BQKBNR b KQ - 0 5,"[Event ""?""]
[Site ""?""]
[Date ""????.??.??""]
[Round ""?""]
[White ""?""]
[Black ""?""]
[Result ""*""]

1. g3 e6 2. Na3 e5 3. c3 g6 4. g4 Ke7 5. c4 *",False,False,False,False,"(e5) is a valid destination square for the chess piece at e7.
This is a valid move because the Black king can legally move to an adjacent square in any direction.",(e5),"Final Answer: e5
Valid move justifications from other agents have been checked.","Final Answer: e5
Valid move justifications from other agents have been checked.","[{""name"": ""Analyst"", ""reliability"": 0.32000000000000006}, {""name"": ""Analyst"", ""reliability"": 0.32000000000000006}, {""name"": ""Analyst"", ""reliability"": 0.32000000000000006}]","[""Final Answer: e5\n\n---\nFinal Answer: e5"", ""Final Answer: e5\nValid Move: e5"", ""Final Answer: e5\nValid move justifications from other agents have been checked.""]","[{""round"": 0, ""responses"": [""(e5) - The destination square e5 is valid for the chess piece at e7 because the pawn can move one square forward diagonally to capture the pawn at d4."", ""(e5) - The destination square e5 is valid for the chess piece at e7 because the Black king can legally move to an adjacent square in any direction."", ""(e5) is a valid destination square for the chess piece at e7.\nThis is a valid move because the Black king can legally move to an adjacent square in any direction.""]}, {""round"": 1, ""responses"": [""(e5) is a valid destination square for the chess piece at e7.  \nFinal answer: e5"", ""(e5) - The destination square e5 is valid for the chess piece at e7 because the pawn can move one square forward diagonally to capture the pawn at d4.\n\n(e5) - The destination square e5 is valid for the chess piece at e7 because the Black king can legally move to an adjacent square in any direction.\n\nFinal Answer: e5"", ""(e5) - The destination square e5 is valid for the chess piece at e7 because the pawn can move one square forward diagonally to capture the pawn at d4.  \n(e5) - The destination square e5 is valid for the chess piece at e7 because the Black king can legally move to an adjacent square in any direction.  \n\nFinal Answer: e5""]}, {""round"": 2, ""responses"": [""Final Answer: e5\n\n---\nFinal Answer: e5"", ""Final Answer: e5\nValid Move: e5"", ""Final Answer: e5\nValid move justifications from other agents have been checked.""]}]"
a1,r1bqkb1r/p1ppp1pp/1pn4n/5p2/8/1P1P4/PBPNPPPP/R2QKBNR w KQkq - 0 5,"[Event ""?""]
[Site ""?""]
[Date ""????.??.??""]
[Round ""?""]
[White ""?""]
[Black ""?""]
[Result ""*""]

1. b3 Nc6 2. d3 Nh6 3. Bb2 f5 4. Nd2 b6 *",False,False,False,False,(a3) is a valid destination square for the chess piece at a1 because the bishop can move diagonally to a3 in one move.,a3,Final answer: a3,Final answer: a3,"[{""name"": ""Analyst"", ""reliability"": 0.32000000000000006}, {""name"": ""Analyst"", ""reliability"": 0.32000000000000006}, {""name"": ""Analyst"", ""reliability"": 0.32000000000000006}]","[""Final answer: a3"", ""a3"", ""Final answer: a3""]","[{""round"": 0, ""responses"": [""(a3) is a valid destination square for the chess piece at a1 because the move 1. b3 allows the bishop to develop to b2, freeing up the a1 square for the rook to move."", ""(a3) is a valid destination square for the chess piece at a1 because the move 1. b3 is a legal pawn move that opens up the way for the a1 rook to move to a3."", ""(a3) - The destination square a3 is a valid move for the chess piece at a1 because the bishop can move diagonally to a3 on the next move.""]}, {""round"": 1, ""responses"": [""(a3) is a valid destination square for the chess piece at a1 because the move 1. b3 is a legal pawn move that opens up the way for the a1 rook to move to a3.  \nFinal answer: a3"", ""(a3) is a valid destination square for the chess piece at a1.  \nFinal answer: a3"", ""Checking the move 1. b3, it does indeed allow the bishop to develop to b2, freeing up the a1 square for the rook to move to a3. Therefore, the destination square a3 for the chess piece at a1 is valid.  \na3""]}, {""round"": 2, ""responses"": [""Final answer: a3"", ""a3"", ""Final answer: a3""]}]"
a7,rn1q1bnr/pppk1ppp/8/3pp3/2P3P1/1P5b/P2PPPBP/RNBQ1KNR b - - 1 5,"[Event ""?""]
[Site ""?""]
[Date ""????.??.??""]
[Round ""?""]
[White ""?""]
[Black ""?""]
[Result ""*""]

1. b3 d5 2. c4 Bh3 3. g4 Kd7 4. Bg2 e5 5. Kf1 *",False,True,True,True,(a6) - The destination square a6 is valid for the chess piece at a7 because a pawn can move one square forward from its starting position.,a6,Final Answer: a6,Final Answer: a6,"[{""name"": ""Analyst"", ""reliability"": 0.32000000000000006}, {""name"": ""Analyst"", ""reliability"": 0.32000000000000006}, {""name"": ""Analyst"", ""reliability"": 0.32000000000000006}]","[""Final answer: a6"", ""Final Answer: a6"", ""Final Answer: a3""]","[{""round"": 0, ""responses"": [""(a3) is a valid destination square for the chess piece at a7 because the pawn can move two squares forward on its initial move."", ""(a6) - The destination square a6 is valid for the chess piece at a7 because a7 is a pawn that can move forward one square to a6."", ""(a3) - The destination square a3 is a valid move for the chess piece at a7 because it is a legal move for a pawn to advance two squares on its first move.""]}, {""round"": 1, ""responses"": [""(a3) - The destination square a3 is not a valid move for the chess piece at a7. The correct valid move for a pawn to advance two squares on its first move is to a5. \n\nFinal Answer: a5"", ""(a3) is a valid destination square for the chess piece at a7 because the pawn can move two squares forward on its initial move.  \nFinal answer: a3"", ""(a3) is not a valid destination square for the pawn at a7 because pawns can only move forward one square, not two. The correct valid destination square for the pawn at a7 is a6.\n\nFinal answer: a6""]}, {""round"": 2, ""responses"": [""Final answer: a6"", ""Final Answer: a6"", ""Final Answer: a3""]}]"
e1,rn1qkbnr/pp2pppp/3pb3/2p5/8/3P4/PPP1PPPP/RNBQKBNR w KQkq - 2 4,"[Event ""?""]
[Site ""?""]
[Date ""????.??.??""]
[Round ""?""]
[White ""?""]
[Black ""?""]
[Result ""*""]

1. d3 d6 2. Nf3 c5 3. Ng1 Be6 *",False,False,False,False,(e2) - The destination square e2 is valid for the White knight on g1 because it allows the knight to develop and control the center of the board.,e2,"Yes, the destination square e2 is a valid move for the white king from e1.  
Final answer: e2","Yes, the destination square e2 is a valid move for the white king from e1.  
Final answer: e2","[{""name"": ""Analyst"", ""reliability"": 0.32000000000000006}, {""name"": ""Analyst"", ""reliability"": 0.32000000000000006}, {""name"": ""Analyst"", ""reliability"": 0.32000000000000006}]","[""Yes, the destination square e2 is a valid move for the white king from e1.  \nFinal answer: e2"", ""Final answer: e2"", ""Yes, the destination square e2 is a valid move for the white king from e1.  \nFinal answer: e2""]","[{""round"": 0, ""responses"": [""(e2) is a valid destination square for the chess piece at e1.\nThis is a valid move because the white king can legally move one square in any direction."", ""(e2) is a valid destination square for the chess piece at e1.\nThis move is valid because the white king can legally move one square in any direction."", ""(e2) is a valid destination square for the chess piece at e1.\nThis is a valid move because the white king can legally move one square in any direction.""]}, {""round"": 1, ""responses"": [""(e2) is a valid destination square for the chess piece at e1. This move is valid because the white king can legally move one square in any direction.\n\nFinal answer: e2"", ""The destination square e2 is a valid move for the white king from e1.  \nFinal answer: e2"", ""(e2) is a valid destination square for the chess piece at e1.  \nThis move is valid because the white king can legally move one square in any direction.\n\nFinal answer: e2""]}, {""round"": 2, ""responses"": [""Yes, the destination square e2 is a valid move for the white king from e1.  \nFinal answer: e2"", ""Final answer: e2"", ""Yes, the destination square e2 is a valid move for the white king from e1.  \nFinal answer: e2""]}]"
b1,rn1qkbnr/p3pp1p/1pppb1p1/8/4PPP1/1P5P/P1PPN3/RNBQKB1R w KQkq - 2 7,"[Event ""?""]
[Site ""?""]
[Date ""????.??.??""]
[Round ""?""]
[White ""?""]
[Black ""?""]
[Result ""*""]

1. g4 d6 2. b3 Bd7 3. f4 c6 4. e4 b6 5. h3 g6 6. Ne2 Be6 *",True,True,False,False,(a3) is a valid destination square for the chess piece at b1 because the bishop can move diagonally to a3.,a3,"The destination square b1 is not a valid move for a bishop from b1 because the bishop cannot move to the square it is already on. 

Final answer: Invalid","The destination square b1 is not a valid move for a bishop from b1 because the bishop cannot move to the square it is already on. 

Final answer: Invalid","[{""name"": ""Analyst"", ""reliability"": 0.32000000000000006}, {""name"": ""Analyst"", ""reliability"": 0.32000000000000006}, {""name"": ""Analyst"", ""reliability"": 0.32000000000000006}]","[""Final answer: b1"", ""The destination square b1 is not a valid move for a bishop from b1, as it is the same square. The correct valid move for the bishop from b1 is a1.\n\nFinal answer: a1"", ""The destination square b1 is not a valid move for a bishop from b1 because the bishop cannot move to the square it is already on. \n\nFinal answer: Invalid""]","[{""round"": 0, ""responses"": [""(a3) is a valid destination square for the chess piece at b1 because the bishop can move diagonally to a3."", ""(a3) is a valid destination square for the chess piece at b1 because the bishop can move diagonally to a3."", ""(a3) is a valid destination square for the chess piece at b1 because the bishop can move diagonally to a3.""]}, {""round"": 1, ""responses"": [""(b1) is a valid destination square for the chess piece at b1 because the bishop can move diagonally to a1.  \n\na1"", ""(b1) is a valid destination square for the chess piece at b1 because the bishop can move diagonally to b1.\n\nFinal answer: b1"", ""(b1) is a valid destination square for the chess piece at b1 because the bishop can move diagonally to b1.\n\nFinal answer: b1""]}, {""round"": 2, ""responses"": [""Final answer: b1"", ""The destination square b1 is not a valid move for a bishop from b1, as it is the same square. The correct valid move for the bishop from b1 is a1.\n\nFinal answer: a1"", ""The destination square b1 is not a valid move for a bishop from b1 because the bishop cannot move to the square it is already on. \n\nFinal answer: Invalid""]}]"
a2,rnbqk1nr/pp3p1p/2p4b/6p1/3p3P/3B2P1/PPPPPP2/RNBQK1NR w KQkq - 0 7,"[Event ""?""]
[Site ""?""]
[Date ""????.??.??""]
[Round ""?""]
[White ""?""]
[Black ""?""]
[Result ""*""]

1. g3 g5 2. Bh3 e6 3. Bxe6 c6 4. Bf5 d5 5. Bd3 Bh6 6. h4 d4 *",False,True,True,True,(a3) is a valid destination square for the chess piece at a2 because the pawn can move one square diagonally forward to capture the pawn at b2.,a3,"The destination square a3 is valid for the chess piece at a2 because the move a2-a3 is a legal pawn move to advance the pawn one square forward.

Final Answer: a3","The destination square a3 is valid for the chess piece at a2 because the move a2-a3 is a legal pawn move to advance the pawn one square forward.

Final Answer: a3","[{""name"": ""Analyst"", ""reliability"": 0.32000000000000006}, {""name"": ""Analyst"", ""reliability"": 0.32000000000000006}, {""name"": ""Analyst"", ""reliability"": 0.32000000000000006}]","[""Final answer: a3"", ""Final Answer: a3"", ""The destination square a3 is valid for the chess piece at a2 because the move a2-a3 is a legal pawn move to advance the pawn one square forward.\n\nFinal Answer: a3""]","[{""round"": 0, ""responses"": [""(a3) - The destination square a3 is valid for the chess piece at a2 because the pawn can move one square diagonally forward to capture the black pawn at b2."", ""(a3) is a valid destination square for the chess piece at a2 because the move a2-a3 is a legal pawn move to advance the pawn one square forward."", ""(a3) - The destination square a3 is valid for the chess piece at a2 because the pawn can move one square diagonally forward to capture the black pawn on b2.""]}, {""round"": 1, ""responses"": [""(a3) is a valid destination square for the chess piece at a2 because the move a2-a3 is a legal pawn move to advance the pawn one square forward. \n\nFinal Answer: a3"", ""The destination square a3 is valid for the chess piece at a2 because the pawn can move one square diagonally forward to capture the black pawn on b2.\n\nFinal answer: a3"", ""(a3) is a valid destination square for the chess piece at a2 because the move a2-a3 is a legal pawn move to advance the pawn one square forward.  \nFinal answer: a3""]}, {""round"": 2, ""responses"": [""Final answer: a3"", ""Final Answer: a3"", ""The destination square a3 is valid for the chess piece at a2 because the move a2-a3 is a legal pawn move to advance the pawn one square forward.\n\nFinal Answer: a3""]}]"
h2,r1bqkb1r/ppp1pppp/n6n/3p4/8/3P2P1/PPPBPP1P/RN1QKBNR w KQkq - 0 4,"[Event ""?""]
[Site ""?""]
[Date ""????.??.??""]
[Round ""?""]
[White ""?""]
[Black ""?""]
[Result ""*""]

1. d3 Na6 2. g3 Nh6 3. Bd2 d5 *",False,False,False,False,"The valid destination square for the chess piece at h2 is (f3).
This is a valid move because the knight can move to f3 from h2 in one move.",(g4),Final answer: e4,Final answer: e4,"[{""name"": ""Analyst"", ""reliability"": 0.32000000000000006}, {""name"": ""Analyst"", ""reliability"": 0.32000000000000006}, {""name"": ""Analyst"", ""reliability"": 0.32000000000000006}]","[""Final answer: e4  \nValid move."", ""Final answer: e4\nValid move justification: h2 to e4 is a valid move for a knight."", ""Final answer: e4""]","[{""round"": 0, ""responses"": [""The valid destination square for the chess piece at h2 is (h3).\nThis is a valid move because the knight can move to any square that is two squares away horizontally and one square vertically, following the L-shape movement of a knight."", ""(e4) - The destination square e4 is a valid move for the piece at h2 because the knight can move to any square that is two squares away horizontally and one square away vertically, regardless of the color of the squares."", ""(e4) - The destination square e4 is a valid move for the piece at h2 because the knight can move two squares in one direction and one square in a perpendicular direction, allowing it to reach e4 from h2.""]}, {""round"": 1, ""responses"": [""h2 to e4 is a valid move for a knight.  \nFinal answer: e4"", ""The destination square e4 is a valid move for the piece at h2.  \nFinal answer: e4"", ""The destination square e4 is a valid move for the piece at h2.  \nFinal answer: e4""]}, {""round"": 2, ""responses"": [""Final answer: e4  \nValid move."", ""Final answer: e4\nValid move justification: h2 to e4 is a valid move for a knight."", ""Final answer: e4""]}]"
c2,rnbqkbnr/p1ppp1p1/1p3p1p/8/8/N3P1P1/PPPP1P1P/R1BQKBNR w KQkq - 0 4,"[Event ""?""]
[Site ""?""]
[Date ""????.??.??""]
[Round ""?""]
[White ""?""]
[Black ""?""]
[Result ""*""]

1. g3 f6 2. e3 b6 3. Na3 h6 *",False,False,False,False,(e4) - The destination square e4 is a valid move for the chess piece at c2 because it is a legal square for a bishop to move to on the diagonal.,e4,"Final answer: e4
Response: e4","Final answer: e4
Response: e4","[{""name"": ""Analyst"", ""reliability"": 0.32000000000000006}, {""name"": ""Analyst"", ""reliability"": 0.32000000000000006}, {""name"": ""Analyst"", ""reliability"": 0.32000000000000006}]","[""Final Answer: e4\nValid Move: e4"", ""Final Answer: e4\nValid Move: e4"", ""Final answer: e4\nResponse: e4""]","[{""round"": 0, ""responses"": [""(e4) - The destination square e4 is a valid move for the chess piece at c2 because it is a legal square for a knight to move to in a game of chess."", ""(e4) - The destination square e4 is a valid move for the chess piece at c2 because it is a legal square for a knight to move to in a game of chess."", ""(e4)\nThe destination square e4 is valid for the chess piece at c2 because the move c2 to e4 is a standard two-square pawn advance for the white pawn.""]}, {""round"": 1, ""responses"": [""The destination square e4 is a valid move for the chess piece at c2 because it is a legal square for a knight to move to in a game of chess.  \nFinal answer: e4"", ""The destination square e4 is a valid move for the chess piece at c2.  \nFinal answer: e4"", ""The destination square e4 is a valid move for the chess piece at c2 because it is a legal square for a knight to move to in a game of chess.  \nFinal Answer: e4""]}, {""round"": 2, ""responses"": [""Final Answer: e4\nValid Move: e4"", ""Final Answer: e4\nValid Move: e4"", ""Final answer: e4\nResponse: e4""]}]"
b6,rnbqk2r/p1ppppbp/1p4pB/8/1P1P4/3Q4/P1P1PPPP/RN2KBNR b KQkq - 0 5,"[Event ""?""]
[Site ""?""]
[Date ""????.??.??""]
[Round ""?""]
[White ""?""]
[Black ""?""]
[Result ""*""]

1. d4 g6 2. Be3 b6 3. b4 Nh6 4. Qd3 Bg7 5. Bxh6 *",False,False,False,False,(e5) - The destination square e5 is valid for the piece at b6 because the bishop can move diagonally to that square.,e5,Final answer: e5,Final answer: e5,"[{""name"": ""Analyst"", ""reliability"": 0.32000000000000006}, {""name"": ""Analyst"", ""reliability"": 0.32000000000000006}, {""name"": ""Analyst"", ""reliability"": 0.32000000000000006}]","[""Final answer: e5\nValid move."", ""Final answer: e5\nValid move."", ""Final answer: e5""]","[{""round"": 0, ""responses"": [""(e5) - The destination square e5 is valid for the piece at b6 because the bishop can move diagonally to that square."", ""(e5) is a valid destination square for the chess piece at b6 because the bishop can move diagonally to that square."", ""(e5) - The destination square e5 is valid for the piece at b6 because it is a legal move for a bishop to move diagonally.""]}, {""round"": 1, ""responses"": [""The destination square e5 is a valid move for the piece at b6 because a bishop can move diagonally to that square.  \nFinal answer: e5"", ""The destination square e5 is valid for the piece at b6 because the bishop can move diagonally to that square.  \nFinal answer: e5"", ""The destination square e5 is valid for the piece at b6 because the bishop can move diagonally to that square.  \nFinal answer: e5""]}, {""round"": 2, ""responses"": [""Final answer: e5\nValid move."", ""Final answer: e5\nValid move."", ""Final answer: e5""]}]"
d8,r1bqkb1r/pp2ppp1/2np1n2/2p3Bp/1PPP2PP/8/P3PP2/RN1QKBNR b KQkq - 0 6,"[Event ""?""]
[Site ""?""]
[Date ""????.??.??""]
[Round ""?""]
[White ""?""]
[Black ""?""]
[Result ""*""]

1. d4 c5 2. Bg5 h5 3. c4 Nc6 4. h4 Nf6 5. g4 d6 6. b4 *",False,True,True,True,(a5) - The black pawn at d8 can move to a5 to capture the white bishop at g5.,(c7),Final answer: c7,Final answer: c7,"[{""name"": ""Analyst"", ""reliability"": 0.32000000000000006}, {""name"": ""Analyst"", ""reliability"": 0.32000000000000006}, {""name"": ""Analyst"", ""reliability"": 0.32000000000000006}]","[""Final answer: c7"", ""Final answer: c7"", ""The destination square (c7) is a valid move for the chess piece at d8.  \nFinal answer: c7\n\n---\nThe destination square (d7) is a valid move for the chess piece at d8.  \nFinal answer: d7""]","[{""round"": 0, ""responses"": [""(a5) - The destination square a5 is valid for the chess piece at d8 because the black queen can move to a5 in one move."", ""One valid destination square for the chess piece at d8 is (c7).\nThis is a valid move for the Black knight to develop and control the center."", ""(a6) - The destination square a6 is a valid move for the chess piece at d8 because the black pawn can capture the white bishop on b5.""]}, {""round"": 1, ""responses"": [""The destination square (c7) is a valid move for the chess piece at d8. \nFinal answer: c7"", ""(d7)"", ""The destination square (a5) is not a valid move for the Black knight at d8. The correct valid move is (c7). \n\nFinal answer: c7""]}, {""round"": 2, ""responses"": [""Final answer: c7"", ""Final answer: c7"", ""The destination square (c7) is a valid move for the chess piece at d8.  \nFinal answer: c7\n\n---\nThe destination square (d7) is a valid move for the chess piece at d8.  \nFinal answer: d7""]}]"
g2,rnbqkb1r/1ppppp1p/5n2/p5B1/8/3P4/PPP1PPPP/RN1QKBNR w KQkq - 0 4,"[Event ""?""]
[Site ""?""]
[Date ""????.??.??""]
[Round ""?""]
[White ""?""]
[Black ""?""]
[Result ""*""]

1. d3 g5 2. Bf4 Nf6 3. Bxg5 a5 *",False,False,False,False,(e3) - The white bishop at g2 can move to e3 because it is an allowed diagonal move for a bishop.,e3,Final answer: e3,Final answer: e3,"[{""name"": ""Analyst"", ""reliability"": 0.32000000000000006}, {""name"": ""Analyst"", ""reliability"": 0.32000000000000006}, {""name"": ""Analyst"", ""reliability"": 0.32000000000000006}]","[""Final answer: e3  \nValid move justification: The pawn at g2 can move diagonally to e3."", ""Final answer: e3"", ""Final answer: f3""]","[{""round"": 0, ""responses"": [""(e3) - The pawn at g2 can move to e3 because it is a valid diagonal move for a pawn."", ""(e3) - The pawn at g2 can move to e3 because it is a valid diagonal move for a pawn."", ""(e3) - The pawn at g2 can move to e3 because it is a valid diagonal move for a pawn.""]}, {""round"": 1, ""responses"": [""The destination square e3 is not a valid move for the pawn at g2. The correct destination square for a pawn to move diagonally from g2 is f3.  \nFinal answer: f3"", ""The destination square e3 is not a valid move for the pawn at g2. The correct destination square for a diagonal move from g2 is f3.  \nFinal answer: f3"", ""The destination square e3 is a valid move for the pawn at g2 based on the information provided.  \nFinal answer: e3""]}, {""round"": 2, ""responses"": [""Final answer: e3  \nValid move justification: The pawn at g2 can move diagonally to e3."", ""Final answer: e3"", ""Final answer: f3""]}]"
a1,rnb1kbnr/pp1pp2p/2p3pB/5p2/3P4/PP3N2/2P1PPPq/RN1QKBR1 w Qkq - 0 7,"[Event ""?""]
[Site ""?""]
[Date ""????.??.??""]
[Round ""?""]
[White ""?""]
[Black ""?""]
[Result ""*""]

1. d4 c6 2. b3 g6 3. a3 f6 4. Nf3 f5 5. Rg1 Qc7 6. Bh6 Qxh2 *",False,False,False,False,"(a2) is a valid destination square for the chess piece at a1.
This is a valid move for the white pawn to advance one square forward.",(a3),Final answer: a3,Final answer: a3,"[{""name"": ""Analyst"", ""reliability"": 0.32000000000000006}, {""name"": ""Analyst"", ""reliability"": 0.32000000000000006}, {""name"": ""Analyst"", ""reliability"": 0.32000000000000006}]","[""Final answer: a3"", ""Final answer: a3"", ""Final answer: a2""]","[{""round"": 0, ""responses"": [""(a3) is a valid destination square for the chess piece at a1 because the move is a legal bishop move to an unoccupied square on the board."", ""(a3) is a valid destination square for the chess piece at a1 because the move is a legal bishop move along the diagonal."", ""(a2) is a valid destination square for the chess piece at a1.\nThis is a valid move for the white pawn to advance one square forward.""]}, {""round"": 1, ""responses"": [""(a2) is a valid destination square for the chess piece at a1.  \nFinal answer: a2"", ""(a2) is a valid destination square for the chess piece at a1.  \nFinal answer: a2"", ""Checking the validity of the destination square (a3) for the chess piece at a1, it is confirmed that it is a valid move for a bishop along the diagonal. The final answer is: a3""]}, {""round"": 2, ""responses"": [""Final answer: a3"", ""Final answer: a3"", ""Final answer: a2""]}]"
f2,rn1qkb1r/p1p1pppp/1pPp1n2/5b2/8/P7/1P1PPPPP/RNBQKBNR w KQkq - 1 5,"[Event ""?""]
[Site ""?""]
[Date ""????.??.??""]
[Round ""?""]
[White ""?""]
[Black ""?""]
[Result ""*""]

1. a3 b6 2. c4 d6 3. c5 Nf6 4. c6 Bf5 *",False,True,True,True,"(e3) is a valid destination square for the chess piece at f2.
This is a valid move because the pawn at f2 can move one square forward diagonally to capture the black bishop at f5.",f3,"f2 -> e3 is not a valid move for the pawn. The correct move is f3.  
f3","f2 -> e3 is not a valid move for the pawn. The correct move is f3.  
f3","[{""name"": ""Analyst"", ""reliability"": 0.32000000000000006}, {""name"": ""Analyst"", ""reliability"": 0.32000000000000006}, {""name"": ""Analyst"", ""reliability"": 0.32000000000000006}]","[""f3\n\ne3"", ""f2 -> e3 is not a valid move for the pawn. The correct move is f3.  \nf3"", ""f2 -> e3 is not a valid move for the pawn. The correct move is f3.  \nf3""]","[{""round"": 0, ""responses"": [""The valid destination square for the chess piece at f2 is (f3).\nThis is a valid move because the pawn at f2 can move one square forward to f3."", ""(e3) is a valid destination square for the chess piece at f2.\nThis is a valid move because the pawn at f2 can move one square forward to e3."", ""(e3) is a valid destination square for the chess piece at f2.\nThis is a valid move because the pawn at f2 can move one square forward to e3.""]}, {""round"": 1, ""responses"": [""f2 -> e3\n\nFinal answer: e3"", ""The destination square (e3) is not a valid move for the pawn at f2. The pawn can only move one square forward to f3.  \nf3"", ""The destination square (e3) is not a valid move for the pawn at f2. The pawn can only move one square forward to f3.  \nf3""]}, {""round"": 2, ""responses"": [""f3\n\ne3"", ""f2 -> e3 is not a valid move for the pawn. The correct move is f3.  \nf3"", ""f2 -> e3 is not a valid move for the pawn. The correct move is f3.  \nf3""]}]"
d8,rn1qkbnr/p1pppppp/1p6/3P4/8/P6N/1PPP1PPP/RNBQKB1R b KQkq - 0 4,"[Event ""?""]
[Site ""?""]
[Date ""????.??.??""]
[Round ""?""]
[White ""?""]
[Black ""?""]
[Result ""*""]

1. Nh3 b6 2. a3 Bb7 3. e4 Bd5 4. exd5 *",False,False,False,False,(e5) - The destination square e5 is a valid move for the Black bishop at d8 because it can move diagonally to an empty square.,e5,"Destination square d8 -> e5 is a valid move for a bishop because it can move diagonally to that square.  
Final answer: e5","Destination square d8 -> e5 is a valid move for a bishop because it can move diagonally to that square.  
Final answer: e5","[{""name"": ""Analyst"", ""reliability"": 0.32000000000000006}, {""name"": ""Analyst"", ""reliability"": 0.32000000000000006}, {""name"": ""Analyst"", ""reliability"": 0.32000000000000006}]","[""Yes, the destination square e5 is a valid move for a bishop from d8 as it can move diagonally to that square.  \nFinal answer: e5"", ""The destination square e5 is a valid move for the piece at d8 because a bishop can move diagonally to that square.  \nFinal answer: e5  \nResponse: e5"", ""Destination square d8 -> e5 is a valid move for a bishop because it can move diagonally to that square.  \nFinal answer: e5""]","[{""round"": 0, ""responses"": [""(e5) - The destination square e5 is a valid move for the chess piece at d8 because the bishop can move diagonally to any square on the board."", ""(e5) - The destination square e5 is a valid move for the piece at d8 because it is a legal square for a bishop to move diagonally."", ""(e5) - The destination square e5 is a valid move for the chess piece at d8 because the bishop can move diagonally to that square.""]}, {""round"": 1, ""responses"": [""d8 -> e5"", ""d8 to e5 is a valid move for a bishop because it can move diagonally to that square.  \nFinal answer: e5"", ""The destination square e5 is a valid move for the piece at d8 because a bishop can move diagonally to that square.  \nFinal answer: e5""]}, {""round"": 2, ""responses"": [""Yes, the destination square e5 is a valid move for a bishop from d8 as it can move diagonally to that square.  \nFinal answer: e5"", ""The destination square e5 is a valid move for the piece at d8 because a bishop can move diagonally to that square.  \nFinal answer: e5  \nResponse: e5"", ""Destination square d8 -> e5 is a valid move for a bishop because it can move diagonally to that square.  \nFinal answer: e5""]}]"
c7,r1bqkb1r/pppnpppp/7n/3p4/6P1/4P1N1/PPPP1P1P/RNBQKB1R b KQkq - 4 4,"[Event ""?""]
[Site ""?""]
[Date ""????.??.??""]
[Round ""?""]
[White ""?""]
[Black ""?""]
[Result ""*""]

1. e3 d5 2. g4 Nh6 3. Ne2 Nd7 4. Ng3 *",False,False,False,False,"(e5) - The destination square e5 is a valid move for the piece at c7 because the knight can move to any square that is two squares away horizontally and one square vertically, regardless of the position of other pieces on the board.",e5,"Yes, the destination square e5 is a valid move for the piece at c7.  
Final answer: e5","Yes, the destination square e5 is a valid move for the piece at c7.  
Final answer: e5","[{""name"": ""Analyst"", ""reliability"": 0.32000000000000006}, {""name"": ""Analyst"", ""reliability"": 0.32000000000000006}, {""name"": ""Analyst"", ""reliability"": 0.32000000000000006}]","[""Final answer: e5\nValid move."", ""Final answer: e5\nValid move."", ""Yes, the destination square e5 is a valid move for the piece at c7.  \nFinal answer: e5""]","[{""round"": 0, ""responses"": [""(e5) - The destination square e5 is a valid move for the piece at c7 because it is a legal square for a knight to move to, following the L-shaped pattern of a knight's movement."", ""(e5) - The destination square e5 is a valid move for the piece at c7 because it is a legal square for a knight to move to in a standard chess game."", ""(e5) - The destination square e5 is a valid move for the piece at c7 because the knight can move to any square that is two squares away horizontally and one square vertically, regardless of the position of other pieces on the board.""]}, {""round"": 1, ""responses"": [""The destination square e5 is a valid move for the piece at c7 because a knight can move to any square that is two squares away horizontally and one square vertically.  \nFinal answer: e5"", ""Yes, the destination square e5 is a valid move for the piece at c7.  \nFinal answer: e5"", ""The destination square e5 is a valid move for the piece at c7 because it is a legal square for a knight to move to, following the L-shaped pattern of a knight's movement.  \nFinal answer: e5""]}, {""round"": 2, ""responses"": [""Final answer: e5\nValid move."", ""Final answer: e5\nValid move."", ""Yes, the destination square e5 is a valid move for the piece at c7.  \nFinal answer: e5""]}]"
b7,r1bqkbr1/pppp1ppp/2n1pn2/8/1PP1P3/8/P2PNPPP/RNBQKB1R b KQq - 2 5,"[Event ""?""]
[Site ""?""]
[Date ""????.??.??""]
[Round ""?""]
[White ""?""]
[Black ""?""]
[Result ""*""]

1. b4 Nf6 2. c3 Rg8 3. c4 e6 4. e4 Nc6 5. Ne2 *",True,False,False,False,(a6) - The pawn at b7 can move to a6 to capture the knight at b5.,a6,"The destination square e5 is a valid move for the chess piece at b7.  
Final answer: e5","The destination square e5 is a valid move for the chess piece at b7.  
Final answer: e5","[{""name"": ""Analyst"", ""reliability"": 0.32000000000000006}, {""name"": ""Analyst"", ""reliability"": 0.32000000000000006}, {""name"": ""Analyst"", ""reliability"": 0.32000000000000006}]","[""Final answer: e5"", ""The destination square e5 is a valid move for the chess piece at b7.  \nFinal answer: e5"", ""Final answer: a6  \nYes, (a6) is a valid move for the pawn at b7 to capture the knight at b5.""]","[{""round"": 0, ""responses"": [""(a6) - The pawn at b7 can move to a6 to capture the knight at b5, as capturing an opponent's piece is a valid move in chess."", ""(e5) is a valid destination square for the chess piece at b7.\nThis is a valid move because the knight at b7 can move to e5, following the rules of chess where a knight can move in an L-shape pattern."", ""(a6) - The destination square a6 is a valid move for the chess piece at b7 because it is a legal square for a knight to move to.""]}, {""round"": 1, ""responses"": [""(e5) is a valid destination square for the chess piece at b7."", ""(a6) is a valid move for the pawn at b7 to capture the knight at b5.  \nFinal answer: a6"", ""(e5) is a valid destination square for the chess piece at b7.\nFinal answer: e5""]}, {""round"": 2, ""responses"": [""Final answer: e5"", ""The destination square e5 is a valid move for the chess piece at b7.  \nFinal answer: e5"", ""Final answer: a6  \nYes, (a6) is a valid move for the pawn at b7 to capture the knight at b5.""]}]"
e8,rnbqkbn1/pp2p1p1/2p4r/1B1p1p1p/PP3P2/4P3/2PPK1PP/RNBQ2NR b q - 0 6,"[Event ""?""]
[Site ""?""]
[Date ""????.??.??""]
[Round ""?""]
[White ""?""]
[Black ""?""]
[Result ""*""]

1. a4 h5 2. e3 f5 3. Bb5 c6 4. Ke2 Rh6 5. f4 d5 6. b4 *",False,False,False,False,(e7) is a valid destination square for the chess piece at e8 because the black king can move one square diagonally forward to escape the threat from the white bishop at b5.,e7,Final answer: c6,Final answer: c6,"[{""name"": ""Analyst"", ""reliability"": 0.32000000000000006}, {""name"": ""Analyst"", ""reliability"": 0.32000000000000006}, {""name"": ""Analyst"", ""reliability"": 0.32000000000000006}]","[""Final answer: c6"", ""Final answer: c6"", ""Final answer: e7\nValid move.""]","[{""round"": 0, ""responses"": [""The valid destination square for the chess piece at e8 is (c6).\nThis is a valid move because the bishop at b5 can capture the piece at c6."", ""(e7) is a valid destination square for the chess piece at e8 because the black king can move one square diagonally forward to escape the threat of the white bishop at b5."", ""(e7) - The destination square e7 is a valid move for the chess piece at e8 because it is a legal square for a king to move to in a standard chess game.""]}, {""round"": 1, ""responses"": [""The destination square e7 is a valid move for the chess piece at e8 because the black king can move one square diagonally forward to escape the threat of the white bishop at b5.  \nFinal answer: e7"", ""The destination square (e7) is a valid move for the chess piece at e8 because it is a legal square for a king to move to in a standard chess game.  \nFinal answer: e7"", ""The destination square (c6) is a valid move because the bishop at b5 can capture the piece at c6.  \nFinal answer: c6""]}, {""round"": 2, ""responses"": [""Final answer: c6"", ""Final answer: c6"", ""Final answer: e7\nValid move.""]}]"
c5,rnb1kbn1/1p1ppppr/1q5p/p1p5/1Q1P3P/4PP2/PPP3P1/RNB1KBNR b KQq - 3 6,"[Event ""?""]
[Site ""?""]
[Date ""????.??.??""]
[Round ""?""]
[White ""?""]
[Black ""?""]
[Result ""*""]

1. d4 h6 2. f3 c5 3. e3 Rh7 4. h4 a5 5. Qd2 Qb6 6. Qb4 *",False,False,True,True,(e4) - c5 can move to e4 because it is a valid diagonal move for a pawn.,e4,"Final answer: b4
Valid move justification: The pawn at c5 can capture the pawn at b4 by moving diagonally.","Final answer: b4
Valid move justification: The pawn at c5 can capture the pawn at b4 by moving diagonally.","[{""name"": ""Analyst"", ""reliability"": 0.32000000000000006}, {""name"": ""Analyst"", ""reliability"": 0.32000000000000006}, {""name"": ""Analyst"", ""reliability"": 0.32000000000000006}]","[""Final answer: b4"", ""Final answer: b4\nValid move justification: The pawn at c5 can capture the pawn at b4 by moving diagonally."", ""Final answer: e4\nValid move justification: The pawn at c5 can move two squares forward on its first move.""]","[{""round"": 0, ""responses"": [""(e4) - c5 can move to e4 because it is a valid diagonal move for a pawn."", ""The valid destination square for the chess piece at c5 is (b4).\nThis move is valid because the pawn at c5 can move diagonally to capture the pawn at b4."", ""(e4) - c5 can move to e4 because it is a valid square for a pawn to move to on its first move, advancing two squares forward.""]}, {""round"": 1, ""responses"": [""The destination square (e4) is a valid move for the pawn at c5 because it can move two squares forward on its first move.  \nFinal answer: e4"", ""The destination square e4 is a valid move for a pawn on its first move, advancing two squares forward.  \nFinal answer: e4"", ""The destination square (b4) is a valid move for the pawn at c5 because it can capture the pawn at b4 by moving diagonally. Final answer: b4""]}, {""round"": 2, ""responses"": [""Final answer: b4"", ""Final answer: b4\nValid move justification: The pawn at c5 can capture the pawn at b4 by moving diagonally."", ""Final answer: e4\nValid move justification: The pawn at c5 can move two squares forward on its first move.""]}]"
g5,r1bqkb1r/pppppp1p/n4n2/6p1/P3P2P/8/1PPP1PP1/RNBQKBNR b KQkq - 0 4,"[Event ""?""]
[Site ""?""]
[Date ""????.??.??""]
[Round ""?""]
[White ""?""]
[Black ""?""]
[Result ""*""]

1. a3 Na6 2. h4 g5 3. e4 Nf6 4. a4 *",False,False,False,False,"(e4) is a valid destination square for the chess piece at g5.
This is a valid move because the pawn at g5 can capture the pawn at e4 by moving diagonally.",e4,Final answer: e4,Final answer: e4,"[{""name"": ""Analyst"", ""reliability"": 0.32000000000000006}, {""name"": ""Analyst"", ""reliability"": 0.32000000000000006}, {""name"": ""Analyst"", ""reliability"": 0.32000000000000006}]","[""Final answer: e4"", ""Final answer: e4\nValid move: e4"", ""Final answer: e4""]","[{""round"": 0, ""responses"": [""(e4) - The destination square e4 is a valid move for the piece at g5 because it is a legal diagonal move for a bishop."", ""(e4) - The destination square e4 is a valid move for the piece at g5 because it is a legal diagonal move for a bishop."", ""(e4) - The destination square e4 is valid for the chess piece at g5 because it is an empty square that the piece can legally move to according to the rules of chess.""]}, {""round"": 1, ""responses"": [""The destination square e4 is a valid move for the piece at g5 because it is a legal diagonal move for a bishop.  \nFinal answer: e4"", ""(g5) - The destination square g5 is not a valid move for the piece at g5 because a piece cannot move to its current position.  \nFinal answer: e4"", ""The destination square e4 is a valid move for the piece at g5 because it is a legal diagonal move for a bishop.  \nFinal answer: e4""]}, {""round"": 2, ""responses"": [""Final answer: e4"", ""Final answer: e4\nValid move: e4"", ""Final answer: e4""]}]"
e6,rnb1qbnr/1pppkp1p/p3p3/6p1/2P1PP1P/1R6/PP1P2P1/RNBQKBN1 b Q - 1 6,"[Event ""?""]
[Site ""?""]
[Date ""????.??.??""]
[Round ""?""]
[White ""?""]
[Black ""?""]
[Result ""*""]

1. c4 e6 2. h4 Ke7 3. Rh3 a6 4. e4 Qe8 5. f4 g5 6. Rb3 *",False,True,True,True,(e5) - This is a valid destination square for the chess piece at e6 because the pawn at e6 can move one square diagonally forward to capture the pawn at f4.,e5,Final answer: e5,Final answer: e5,"[{""name"": ""Analyst"", ""reliability"": 0.32000000000000006}, {""name"": ""Analyst"", ""reliability"": 0.32000000000000006}, {""name"": ""Analyst"", ""reliability"": 0.32000000000000006}]","[""The destination square e5 is a valid move for the pawn at e6 because it can move one square forward.  \nFinal answer: e5"", ""Final answer: e5"", ""Final answer: f5""]","[{""round"": 0, ""responses"": [""(e5) - e6 can move to e5 because it is a valid diagonal move for a pawn."", ""(e5) - The pawn at e6 can move to e5 because it is a valid pawn move one square forward."", ""(e5) - This is a valid destination square for the chess piece at e6 because the pawn at e6 can move one square diagonally forward to capture the pawn at f4.""]}, {""round"": 1, ""responses"": [""(e5) - The pawn at e6 can move to e5 because it is a valid pawn move one square forward.  \n(f5) - The pawn at e6 can move one square diagonally forward to capture the pawn at f4.  \n\nFinal answer: f5"", ""The destination square (e5) is valid for the pawn at e6 because it can move one square diagonally forward to capture the pawn at f4. Final answer: e5."", ""The pawn at e6 can move to e5 because it is a valid pawn move one square forward.  \nFinal answer: e5""]}, {""round"": 2, ""responses"": [""The destination square e5 is a valid move for the pawn at e6 because it can move one square forward.  \nFinal answer: e5"", ""Final answer: e5"", ""Final answer: f5""]}]"
e1,r1bqkbnr/1pppp1p1/2n5/p4p1p/2PP1P1P/6PN/PP2P3/RNBQKB1R w KQkq - 0 7,"[Event ""?""]
[Site ""?""]
[Date ""????.??.??""]
[Round ""?""]
[White ""?""]
[Black ""?""]
[Result ""*""]

1. h4 Nc6 2. f4 a5 3. g3 Nf6 4. c4 h5 5. d4 Ng8 6. Nh3 f5 *",False,False,False,False,(e2) - The destination square e2 is a valid move for the White king as it is a legal king move to an adjacent square.,e2,"The destination square e2 is a valid move for the White king from e1. [e2]
Final answer: e2","The destination square e2 is a valid move for the White king from e1. [e2]
Final answer: e2","[{""name"": ""Analyst"", ""reliability"": 0.32000000000000006}, {""name"": ""Analyst"", ""reliability"": 0.32000000000000006}, {""name"": ""Analyst"", ""reliability"": 0.32000000000000006}]","[""Yes, the destination square e2 is a valid move for the White king from e1.  \nFinal answer: e2"", ""Valid move justifications from other agents:\n- e2: White king can move one square forward.\n\nFinal answer: e2"", ""The destination square e2 is a valid move for the White king from e1. [e2]\nFinal answer: e2""]","[{""round"": 0, ""responses"": [""(e2) is a valid destination square for the chess piece at e1.\nThis move is valid because the White king can legally move one square in any direction."", ""(e2) is a valid destination square for the chess piece at e1.\nThis move is valid because the White king can legally move to any adjacent square, including e2."", ""(e2) is a valid destination square for the chess piece at e1.\nThis is a valid move because the pawn at d2 has moved forward, allowing the bishop at f1 to move to e2.""]}, {""round"": 1, ""responses"": [""e2"", ""The destination square e2 is a valid move for the White king from e1. [e2]"", ""The destination square e2 is a valid move for the White king from e1.  \nFinal answer: e2""]}, {""round"": 2, ""responses"": [""Yes, the destination square e2 is a valid move for the White king from e1.  \nFinal answer: e2"", ""Valid move justifications from other agents:\n- e2: White king can move one square forward.\n\nFinal answer: e2"", ""The destination square e2 is a valid move for the White king from e1. [e2]\nFinal answer: e2""]}]"
c2,rnbq1b1r/pp1kpppp/2p4n/3p4/8/PP1P4/2P1PPPP/RN1QKBNR w KQ - 1 5,"[Event ""?""]
[Site ""?""]
[Date ""????.??.??""]
[Round ""?""]
[White ""?""]
[Black ""?""]
[Result ""*""]

1. d3 c6 2. a3 d5 3. Bh6 Nxh6 4. b3 Kd7 *",False,True,False,False,"The valid destination square for the chess piece at c2 is (a3).
This move is valid because the pawn at c2 can move one square diagonally to capture the pawn at a3.",c3,Final answer: a3,Final answer: a3,"[{""name"": ""Analyst"", ""reliability"": 0.32000000000000006}, {""name"": ""Analyst"", ""reliability"": 0.32000000000000006}, {""name"": ""Analyst"", ""reliability"": 0.32000000000000006}]","[""The valid destination square for the chess piece at c2 is a3.  \nFinal answer: a3\n\nFinal answer: a3"", ""Final answer: a3"", ""Final answer: c3""]","[{""round"": 0, ""responses"": [""The valid destination square for the chess piece at c2 is (c3).\nThis is a valid move because the pawn at c2 can move one square forward to c3."", ""(a3) is a valid destination square for the chess piece at c2.\nThis is a valid move because the pawn at c2 can move to a3 as part of its initial two-square advance."", ""The valid destination square for the chess piece at c2 is (c3).\nThis is a valid move because the pawn at c2 can move one square forward to c3.""]}, {""round"": 1, ""responses"": [""The destination square (a3) is a valid move for the pawn at c2 as part of its initial two-square advance.  \nFinal answer: c3"", ""c3"", ""The valid destination square for the chess piece at c2 is a3.  \nFinal answer: a3""]}, {""round"": 2, ""responses"": [""The valid destination square for the chess piece at c2 is a3.  \nFinal answer: a3\n\nFinal answer: a3"", ""Final answer: a3"", ""Final answer: c3""]}]"
f4,rnbqkbnr/p1p3pp/1p1ppp2/8/4PPQ1/N7/PPPP2PP/R1B1KBNR w KQkq - 0 5,"[Event ""?""]
[Site ""?""]
[Date ""????.??.??""]
[Round ""?""]
[White ""?""]
[Black ""?""]
[Result ""*""]

1. Na3 f6 2. f4 b6 3. e4 d6 4. Qg4 e6 *",False,False,False,False,(e5) is a valid destination square for the chess piece at f4 because it is a legal diagonal move for a pawn.,e5,Final answer: f4,Final answer: f4,"[{""name"": ""Analyst"", ""reliability"": 0.32000000000000006}, {""name"": ""Analyst"", ""reliability"": 0.32000000000000006}, {""name"": ""Analyst"", ""reliability"": 0.32000000000000006}]","[""Final answer: f4"", ""Final answer: f4"", ""The move from (f4) to (e5) is a valid move in chess. \n\nFinal answer: e5""]","[{""round"": 0, ""responses"": [""(e5) is a valid destination square for the chess piece at f4 because the pawn at f4 can move diagonally to capture the pawn at e5."", ""(e5) is a valid destination square for the chess piece at f4 because the pawn at f4 can move diagonally to capture the pawn at e5."", ""(e5) - The destination square e5 is a valid move for the piece at f4 because a pawn can move one square diagonally forward to capture an opponent's piece.""]}, {""round"": 1, ""responses"": [""(f4) -> (e5)\n\nFinal answer: e5"", ""(f4) -> (e5)\n\nFinal answer: e5"", ""The destination square (e5) is not a valid move for the chess piece at f4 because a pawn cannot capture a piece directly in front of it.  \nInvalid move.  \nFinal answer: f4""]}, {""round"": 2, ""responses"": [""Final answer: f4"", ""Final answer: f4"", ""The move from (f4) to (e5) is a valid move in chess. \n\nFinal answer: e5""]}]"
b2,1rbqkbnr/ppp1p1pp/2n2p2/3p3P/3P4/5N2/PPP1PPP1/RNBQKB1R w KQk - 0 5,"[Event ""?""]
[Site ""?""]
[Date ""????.??.??""]
[Round ""?""]
[White ""?""]
[Black ""?""]
[Result ""*""]

1. h4 f6 2. h5 Nc6 3. d4 Rb8 4. Nf3 d5 *",False,False,False,False,"(a3) - The white pawn at b2 can move to a3, as it is a legal diagonal move for a pawn.",e3,Final Answer: a3,Final Answer: a3,"[{""name"": ""Analyst"", ""reliability"": 0.25600000000000006}, {""name"": ""Analyst"", ""reliability"": 0.25600000000000006}, {""name"": ""Analyst"", ""reliability"": 0.25600000000000006}]","[""Final answer: a3"", ""The destination square a3 is a valid move for the white pawn from b2 because it can move one square diagonally forward to capture an opponent's piece. \n\nFinal Answer: a3"", ""Final Answer: a3""]","[{""round"": 0, ""responses"": [""(a3) - This is a valid destination square for the chess piece at b2 because the white pawn can move two squares forward on its first move."", ""(a3) is a valid destination square for the chess piece at b2.\nThis is a valid move for the white bishop to develop and control the long diagonal."", ""(a3) - The destination square a3 is valid for the chess piece at b2 because a pawn can move one square diagonally forward to capture an opponent's piece.""]}, {""round"": 1, ""responses"": [""b2 -> a3\n\nFinal Answer: a3"", ""The destination square a3 is a valid move for the chess piece at b2 because the white pawn can move two squares forward on its first move.  \nFinal answer: a3"", ""(b2) - This is a valid destination square for the chess piece at b2 because the white pawn can move two squares forward on its first move. \n\n(a3)""]}, {""round"": 2, ""responses"": [""Final answer: a3"", ""The destination square a3 is a valid move for the white pawn from b2 because it can move one square diagonally forward to capture an opponent's piece. \n\nFinal Answer: a3"", ""Final Answer: a3""]}]"
c4,rnbqkbnr/2ppp1pp/1p3p2/8/p1P5/3Q3P/PP1PPPP1/RNB1KBNR w KQkq - 0 5,"[Event ""?""]
[Site ""?""]
[Date ""????.??.??""]
[Round ""?""]
[White ""?""]
[Black ""?""]
[Result ""*""]

1. h3 a5 2. c4 f6 3. Qb3 b6 4. Qd3 a4 *",False,False,False,False,"(a4)
The destination square a4 is valid for the chess piece at c4 because it is a legal move for a pawn to advance one square diagonally to capture an opponent's piece.",(a4),Final answer: a4,Final answer: a4,"[{""name"": ""Analyst"", ""reliability"": 0.25600000000000006}, {""name"": ""Analyst"", ""reliability"": 0.25600000000000006}, {""name"": ""Analyst"", ""reliability"": 0.25600000000000006}]","[""Final answer: a4"", ""Final answer: a4"", ""Final answer: a4""]","[{""round"": 0, ""responses"": [""(a4)\nThe destination square a4 is valid for the chess piece at c4 because it is a legal move for a pawn to advance one square diagonally to capture an opponent's piece."", ""The valid destination square for the chess piece at c4 is (a4).\nThis is a valid move because the pawn at c4 can move diagonally to capture the opponent's pawn at a4."", ""(a4) is a valid destination square for the chess piece at c4 because the pawn at c4 can move diagonally to capture the black pawn at a4.""]}, {""round"": 1, ""responses"": [""The destination square (a4) is a valid move for the chess piece at c4 because the pawn at c4 can move diagonally to capture the opponent's pawn at a4.\n\nFinal answer: a4"", ""Yes, the destination square a4 is a valid move for the chess piece at c4.  \nFinal answer: a4"", ""(a4)""]}, {""round"": 2, ""responses"": [""Final answer: a4"", ""Final answer: a4"", ""Final answer: a4""]}]"
f8,r1bqkbnr/pppp1p1p/6p1/4p1N1/1n1P3P/8/PPPKPPP1/RNBQ1B1R b kq - 2 5,"[Event ""?""]
[Site ""?""]
[Date ""????.??.??""]
[Round ""?""]
[White ""?""]
[Black ""?""]
[Result ""*""]

1. Nh3 g6 2. Ng5 e5 3. d4 Nc6 4. h4 Nb4 5. Kd2 *",True,True,True,True,"(e7) - The destination square e7 is a valid move for the chess piece at f8 because the black king can legally move one square in any direction, including to e7.",e7,"f8 to e7 is a valid move because the Black king moved to d2, allowing the Black pawn to move forward to e7.  
Final answer: e7  
e7","f8 to e7 is a valid move because the Black king moved to d2, allowing the Black pawn to move forward to e7.  
Final answer: e7  
e7","[{""name"": ""Analyst"", ""reliability"": 0.25600000000000006}, {""name"": ""Analyst"", ""reliability"": 0.25600000000000006}, {""name"": ""Analyst"", ""reliability"": 0.25600000000000006}]","[""Final answer: e7\nResponse: e7"", ""f8 to e7 is a valid move because the Black king moved to d2, allowing the Black pawn to move forward to e7.  \nFinal answer: e7  \nResponse: e7"", ""f8 to e7 is a valid move because the Black king moved to d2, allowing the Black pawn to move forward to e7.  \nFinal answer: e7  \ne7""]","[{""round"": 0, ""responses"": [""(e7) - The destination square e7 is a valid move for the piece at f8 because the Black king can legally move one square in any direction, including to e7."", ""(e7) - The destination square e7 is a valid move for the piece at f8 because the black king moved to d2, allowing the black pawn to move forward to e7."", ""(e7) - The destination square e7 is a valid move for the chess piece at f8 because the black king can legally move one square in any direction, including to e7.""]}, {""round"": 1, ""responses"": [""f8 to e7 is a valid move because the black king moved to d2, allowing the black pawn to move forward to e7.  \ne7"", ""The destination square e7 is a valid move for the piece at f8 because the Black king can legally move one square in any direction, including to e7.  \nFinal answer: e7"", ""The destination square e7 is a valid move for the piece at f8 because the Black king can legally move one square in any direction, including to e7.  \nFinal answer: e7""]}, {""round"": 2, ""responses"": [""Final answer: e7\nResponse: e7"", ""f8 to e7 is a valid move because the Black king moved to d2, allowing the Black pawn to move forward to e7.  \nFinal answer: e7  \nResponse: e7"", ""f8 to e7 is a valid move because the Black king moved to d2, allowing the Black pawn to move forward to e7.  \nFinal answer: e7  \ne7""]}]"
g2,rn1qkbnr/p1p1pppp/1p1pb3/6N1/2P4P/8/PP1PPPP1/RNBQKB1R w KQkq - 1 5,"[Event ""?""]
[Site ""?""]
[Date ""????.??.??""]
[Round ""?""]
[White ""?""]
[Black ""?""]
[Result ""*""]

1. h4 b6 2. Nf3 d6 3. Ng5 Bh3 4. c4 Be6 *",False,False,False,False,"(g4) - The destination square g4 is a valid move for the White knight at g2 because it is a legal knight move, moving two squares in one direction and one square perpendicular to that.",e5,Final answer: e5,Final answer: e5,"[{""name"": ""Analyst"", ""reliability"": 0.25600000000000006}, {""name"": ""Analyst"", ""reliability"": 0.25600000000000006}, {""name"": ""Analyst"", ""reliability"": 0.25600000000000006}]","[""Final answer: e5"", ""The destination square g2 to e5 is a valid move for the white knight because a knight can move in an L-shape pattern, jumping over other pieces.\n\nFinal answer: e5"", ""Final answer: e5""]","[{""round"": 0, ""responses"": [""(e5) is a valid destination square for the chess piece at g2.\nThis is a valid move because the white knight at g2 can move to e5, as it is not blocked by any pieces and is a legal knight move."", ""(e5) - The destination square e5 is a valid move for the piece at g2 because a bishop can move diagonally to any square on the board."", ""(g4) is a valid destination square for the chess piece at g2.\nThis is a valid move because the white knight at g2 can move to g4 according to the rules of chess.""]}, {""round"": 1, ""responses"": [""(g4) - The destination square g4 is a valid move for the white knight at g2 because a knight can move in an L-shape pattern, jumping over other pieces. \n\nFinal answer: g4"", ""(e5) is a valid destination square for the chess piece at g2. This is a valid move because the white knight at g2 can move to e5, as it is not blocked by any pieces and is a legal knight move.\n\nFinal answer: e5"", ""(g2) -> (e5)""]}, {""round"": 2, ""responses"": [""Final answer: e5"", ""The destination square g2 to e5 is a valid move for the white knight because a knight can move in an L-shape pattern, jumping over other pieces.\n\nFinal answer: e5"", ""Final answer: e5""]}]"
h2,rnbqk2r/pppp1ppp/3bp2n/8/8/2PP1P2/PP2P1PP/RNBQKBNR w KQkq - 1 4,"[Event ""?""]
[Site ""?""]
[Date ""????.??.??""]
[Round ""?""]
[White ""?""]
[Black ""?""]
[Result ""*""]

1. f3 Nh6 2. c3 e6 3. d3 Bd6 *",False,False,False,False,"The valid destination square for the chess piece at h2 is (f3).
This is a valid move because the white pawn at f3 can capture the black knight at h2.",e4,Final answer: g3,Final answer: g3,"[{""name"": ""Analyst"", ""reliability"": 0.25600000000000006}, {""name"": ""Analyst"", ""reliability"": 0.25600000000000006}, {""name"": ""Analyst"", ""reliability"": 0.25600000000000006}]","[""The destination square e4 is a valid move for the piece at h2 in a standard chess game.  \nFinal answer: e4\n\n---\n(g3)\nThe destination square g3 is a valid move for the piece at h2 in a standard chess game.  \nFinal answer: g3"", ""Final answer: g3"", ""Final answer: e4""]","[{""round"": 0, ""responses"": [""(e4) - The destination square e4 is a valid move for the piece at h2 because it is a legal square for a knight to move to from h2 in a standard chess game."", ""The valid destination square for the chess piece at h2 is (g3), as it can move one square diagonally forward to capture the black bishop at d6."", ""(e4) - The destination square e4 is valid for the piece at h2 because it is a legal move for a knight to move from h2 to e4 in a chess game.""]}, {""round"": 1, ""responses"": [""The destination square (e4) is not a valid move for the piece at h2. The correct destination square is (g3).  \nFinal answer: g3"", ""The destination square e4 is a valid move for the piece at h2 in a standard chess game.  \nFinal answer: e4"", ""(g3)""]}, {""round"": 2, ""responses"": [""The destination square e4 is a valid move for the piece at h2 in a standard chess game.  \nFinal answer: e4\n\n---\n(g3)\nThe destination square g3 is a valid move for the piece at h2 in a standard chess game.  \nFinal answer: g3"", ""Final answer: g3"", ""Final answer: e4""]}]"
c7,rnbqk2r/1pppbppp/p3p3/7n/3PPPP1/1PN5/P1P4P/R1BQKBNR b KQkq - 0 6,"[Event ""?""]
[Site ""?""]
[Date ""????.??.??""]
[Round ""?""]
[White ""?""]
[Black ""?""]
[Result ""*""]

1. Nc3 Nf6 2. b3 a6 3. f4 Nh5 4. e4 e6 5. d4 Be7 6. g4 *",False,False,False,False,(e5) - The destination square e5 is a valid move for the piece at c7 because it is a legal square for a pawn to move to in a standard chess game.,a5,"Final answer: a5
Valid move.","Final answer: a5
Valid move.","[{""name"": ""Analyst"", ""reliability"": 0.25600000000000006}, {""name"": ""Analyst"", ""reliability"": 0.25600000000000006}, {""name"": ""Analyst"", ""reliability"": 0.25600000000000006}]","[""Final answer: e5\nFinal answer: a5"", ""Final answer: a5\nValid move."", ""Final answer: e5""]","[{""round"": 0, ""responses"": [""(e5) - The destination square e5 is a valid move for the piece at c7 because it is a legal square for a pawn to move to in a standard chess game."", ""(a5) - The destination square a5 is a valid move for the chess piece at c7 because it is a legal square for a pawn to move to in order to capture an opponent's piece diagonally."", ""(e5) - The destination square e5 is a valid move for the piece at c7 because it is a legal square for a pawn to move to in a standard chess game.""]}, {""round"": 1, ""responses"": [""The destination square e5 is a valid move for the piece at c7 in chess.  \nFinal answer: e5"", ""Yes, the destination square e5 is a valid move for the piece at c7 because it is a legal square for a pawn to move to in a standard chess game.  \nFinal answer: e5"", ""The destination square a5 is a valid move for the piece at c7 because it is a legal square for a pawn to move to in order to capture an opponent's piece diagonally.  \nFinal answer: a5""]}, {""round"": 2, ""responses"": [""Final answer: e5\nFinal answer: a5"", ""Final answer: a5\nValid move."", ""Final answer: e5""]}]"
h7,rn1qkbnr/ppp1pp1p/3p4/6p1/2P1P1b1/3B4/PP1P1PPP/RNB1K1NR b KQkq - 0 4,"[Event ""?""]
[Site ""?""]
[Date ""????.??.??""]
[Round ""?""]
[White ""?""]
[Black ""?""]
[Result ""*""]

1. e4 g5 2. Qg4 d6 3. Bd3 Bxg4 4. c4 *",False,False,False,False,(e5) - The destination square e5 is valid for the piece at h7 because it is an empty square that the black pawn at g5 can move to.,(f6),"Final answer: e5
Valid move justification: The Black pawn at h7 can capture the White Queen at g4 diagonally.","Final answer: e5
Valid move justification: The Black pawn at h7 can capture the White Queen at g4 diagonally.","[{""name"": ""Analyst"", ""reliability"": 0.25600000000000006}, {""name"": ""Analyst"", ""reliability"": 0.25600000000000006}, {""name"": ""Analyst"", ""reliability"": 0.25600000000000006}]","[""The destination square e5 is a valid move because the Black pawn at h7 can capture the White queen on g4 diagonally. Final answer: e5."", ""Final Answer: e5\nValid move justification: The Black pawn at g5 can capture the White Queen at g4."", ""Final answer: e5\nValid move justification: The Black pawn at h7 can capture the White Queen at g4 diagonally.""]","[{""round"": 0, ""responses"": [""(e5) - The pawn at h7 can move to e5 because it is a valid diagonal capture of the white queen on g4."", ""(e5) is a valid destination square for the piece at h7.\nThis is a valid move because the Black pawn at g5 can capture the White Queen at g4."", ""(e5) - The pawn at h7 can move to e5 because it is a valid diagonal capture of the white queen on g4.""]}, {""round"": 1, ""responses"": [""(e5) is a valid destination square for the piece at h7. The Black pawn at g5 can capture the White Queen at g4.  \nFinal answer: e5"", ""The destination square e5 is a valid move because the pawn at h7 can indeed capture the white queen on g4 diagonally. Final answer: e5."", ""(e5) - The pawn at h7 can move to e5 because it is a valid diagonal capture of the white queen on g4.\n\n---\n(e5) is a valid destination square for the piece at h7.\nThis is a valid move because the Black pawn at g5 can capture the White Queen at g4.\n\nFinal Answer: e5""]}, {""round"": 2, ""responses"": [""The destination square e5 is a valid move because the Black pawn at h7 can capture the White queen on g4 diagonally. Final answer: e5."", ""Final Answer: e5\nValid move justification: The Black pawn at g5 can capture the White Queen at g4."", ""Final answer: e5\nValid move justification: The Black pawn at h7 can capture the White Queen at g4 diagonally.""]}]"
e2,r1bqkbnr/pp2pppp/n1p5/3p4/3P1B2/5P2/PPP1P1PP/RN1QKBNR w KQkq - 2 4,"[Event ""?""]
[Site ""?""]
[Date ""????.??.??""]
[Round ""?""]
[White ""?""]
[Black ""?""]
[Result ""*""]

1. f3 d5 2. d4 c6 3. Bf4 Na6 *",False,True,True,True,"(e3) - The destination square e3 is valid for the White pawn at e2 to move to, as it follows the rules of pawn movement by advancing one square forward.",e3,"Checking the valid move justifications from other agents, the destination square e3 for the chess piece at e2 is indeed a valid move.  
Final answer: e3","Checking the valid move justifications from other agents, the destination square e3 for the chess piece at e2 is indeed a valid move.  
Final answer: e3","[{""name"": ""Analyst"", ""reliability"": 0.25600000000000006}, {""name"": ""Analyst"", ""reliability"": 0.25600000000000006}, {""name"": ""Analyst"", ""reliability"": 0.25600000000000006}]","[""Final answer: e3\nResponse: e3"", ""Final answer: e3\nResponse: e3"", ""Checking the valid move justifications from other agents, the destination square e3 for the chess piece at e2 is indeed a valid move.  \nFinal answer: e3""]","[{""round"": 0, ""responses"": [""(e3) is a valid destination square for the chess piece at e2.\nThis move is valid because the pawn at f3 has already moved, allowing the bishop to move to e3."", ""(e3) is a valid destination square for the chess piece at e2.\nThis move is valid because the pawn at f3 has already moved, allowing the bishop to move to e3."", ""(e3) - The destination square e3 is valid for the White pawn at e2 to move to, as it follows the rules of pawn movement where a pawn can move one square forward.""]}, {""round"": 1, ""responses"": [""Valid move justifications from other agents:\n- (e3) is a valid destination square for the chess piece at e2 because the pawn at f3 has already moved, allowing the bishop to move to e3.\n\nFinal answer: e3"", ""(e3) is a valid destination square for the chess piece at e2.  \nFinal answer: e3"", ""Checking the validity of the destination square (e3) for the chess piece at e2:\n- The pawn at f3 has already moved, allowing the bishop to move to e3.\nFinal answer: e3\nResponse: e3""]}, {""round"": 2, ""responses"": [""Final answer: e3\nResponse: e3"", ""Final answer: e3\nResponse: e3"", ""Checking the valid move justifications from other agents, the destination square e3 for the chess piece at e2 is indeed a valid move.  \nFinal answer: e3""]}]"
b2,r1bqk1nr/p1pp1p1p/np1b4/4pPp1/8/N7/PPPPPNPP/1RBQKB1R w Kkq - 2 7,"[Event ""?""]
[Site ""?""]
[Date ""????.??.??""]
[Round ""?""]
[White ""?""]
[Black ""?""]
[Result ""*""]

1. f4 g5 2. Na3 e5 3. Rb1 Bc5 4. Nh3 Bd6 5. f5 b6 6. Nf2 Na6 *",False,True,False,False,"(e5) - The destination square e5 is a valid move for the chess piece at b2 because the knight can move to that square in one move, following the rules of chess.",b3,"Final answer: e5  
Response: e5","Final answer: e5  
Response: e5","[{""name"": ""Analyst"", ""reliability"": 0.40480000000000005}, {""name"": ""Analyst"", ""reliability"": 0.20480000000000007}, {""name"": ""Analyst"", ""reliability"": 0.20480000000000007}]","[""Final answer: e5\nValid move."", ""Final answer: e5\n\n---\ne5"", ""Final answer: e5  \nResponse: e5""]","[{""round"": 0, ""responses"": [""(e5) - The destination square e5 is a valid move for the chess piece at b2 because the knight can move to e5 in one move."", ""(e5) - The destination square e5 is a valid move for the chess piece at b2 because the knight can move to e5 in one move, following the rules of chess."", ""(e5) - The destination square e5 is valid for the chess piece at b2 because the knight can move to e5 in one move.""]}, {""round"": 1, ""responses"": [""The destination square e5 is a valid move for the chess piece at b2 because the knight can move to e5 in one move, following the rules of chess.\n\nFinal answer: e5"", ""The destination square e5 is a valid move for the chess piece at b2 because the knight can move to e5 in one move.  \nFinal answer: e5"", ""b2 -> e5""]}, {""round"": 2, ""responses"": [""Final answer: e5\nValid move."", ""Final answer: e5\n\n---\ne5"", ""Final answer: e5  \nResponse: e5""]}]"
a2,rnbqkb1r/2pppppp/p6n/8/1p3B2/1P1P4/P1PQPPPP/RN2KBNR w KQkq - 0 5,"[Event ""?""]
[Site ""?""]
[Date ""????.??.??""]
[Round ""?""]
[White ""?""]
[Black ""?""]
[Result ""*""]

1. d3 b5 2. Bf4 Nh6 3. b3 a6 4. Qd2 b4 *",False,True,True,True,(a3) - The destination square a3 is valid for the chess piece at a2 because the pawn can move one square forward diagonally to capture the black pawn at b4.,a3,Final Answer: a3,Final Answer: a3,"[{""name"": ""Analyst"", ""reliability"": 0.40480000000000005}, {""name"": ""Analyst"", ""reliability"": 0.20480000000000007}, {""name"": ""Analyst"", ""reliability"": 0.20480000000000007}]","[""Final Answer: a3"", ""Final Answer: a3"", ""Final Answer: a3""]","[{""round"": 0, ""responses"": [""(a3) - The destination square a3 is valid for the chess piece at a2 because the pawn can move one square diagonally forward to capture the opponent's pawn at b4."", ""(a3) - The white pawn at a2 can move to a3 because it is a legal one-square forward move for a pawn."", ""(a3) - The destination square a3 is a valid move for the chess piece at a2 because the pawn can move one square forward diagonally to capture the opponent's pawn at b4.""]}, {""round"": 1, ""responses"": [""The destination square a3 is a valid move for the white pawn at a2 in chess.  \nFinal answer: a3"", ""(a3) - The destination square a3 is valid for the chess piece at a2 because the pawn can move one square diagonally forward to capture the opponent's pawn at b4.\n\nFinal Answer: a3"", ""(a3) - The destination square a3 is valid for the chess piece at a2 because the pawn can move one square diagonally forward to capture the opponent's pawn at b4.\n\nFinal Answer: a3""]}, {""round"": 2, ""responses"": [""Final Answer: a3"", ""Final Answer: a3"", ""Final Answer: a3""]}]"
f7,rnbqkb1r/p1pppppp/8/2p5/6n1/1Q1P3P/PP2PPP1/RNB1KBNR b KQkq - 1 5,"[Event ""?""]
[Site ""?""]
[Date ""????.??.??""]
[Round ""?""]
[White ""?""]
[Black ""?""]
[Result ""*""]

1. d3 b6 2. c4 Nf6 3. c5 Ng4 4. h3 bxc5 5. Qb3 *",False,False,False,False,"The valid destination square for the chess piece at f7 is (e5).
This is a valid move because the pawn at f7 can move to e5 as part of a standard pawn advance.",e5,Final answer: e5,Final answer: e5,"[{""name"": ""Analyst"", ""reliability"": 0.40480000000000005}, {""name"": ""Analyst"", ""reliability"": 0.20480000000000007}, {""name"": ""Analyst"", ""reliability"": 0.20480000000000007}]","[""Final answer: e5\nResponse: e5"", ""Final answer: e5\nValid move justification: The pawn at f7 can move to e5 as part of a standard pawn advance."", ""Final answer: e5""]","[{""round"": 0, ""responses"": [""(e5) - The destination square e5 is a valid move for the piece at f7 because it is a legal square for a knight to move to in a standard chess game."", ""The valid destination square for the chess piece at f7 is (e5).\nThis is a valid move because the pawn at f7 can move to e5 as part of a standard pawn advance."", ""(e5) - The pawn at f7 can move to e5 because it is a valid diagonal capture of the White queen on b3.""]}, {""round"": 1, ""responses"": [""The destination square (e5) is a valid move because the pawn at f7 can move to e5 as part of a standard pawn advance.  \nFinal answer: e5"", ""The destination square e5 is a valid move for the piece at f7 because it is a legal square for a knight to move to in a standard chess game.  \nFinal answer: e5"", ""The destination square (e5) is a valid move for the piece at f7 in a standard chess game.  \nFinal answer: e5""]}, {""round"": 2, ""responses"": [""Final answer: e5\nResponse: e5"", ""Final answer: e5\nValid move justification: The pawn at f7 can move to e5 as part of a standard pawn advance."", ""Final answer: e5""]}]"
h2,rnb1kbnr/p1pp1ppp/1p2p3/8/3P2Pq/8/PPP1PP1P/RNBQKBNR w KQkq - 0 4,"[Event ""?""]
[Site ""?""]
[Date ""????.??.??""]
[Round ""?""]
[White ""?""]
[Black ""?""]
[Result ""*""]

1. d3 e6 2. d4 Qh4 3. g4 b6 *",False,False,False,False,(e3) - The white pawn at h2 can move to e3 because it is a valid diagonal move for a pawn.,e3,Final answer: e3,Final answer: e3,"[{""name"": ""Analyst"", ""reliability"": 0.40480000000000005}, {""name"": ""Analyst"", ""reliability"": 0.20480000000000007}, {""name"": ""Analyst"", ""reliability"": 0.20480000000000007}]","[""Final Answer: e3"", ""Yes, the destination square e3 is a valid move for the piece at h2 because the white pawn can move two squares forward on its first move.  \nFinal Answer: e3"", ""Final answer: e3""]","[{""round"": 0, ""responses"": [""(e3) - The destination square e3 is a valid move for the piece at h2 because the white pawn can move two squares forward on its first move."", ""(e3) is a valid destination square for the chess piece at h2.\nThis move is valid because the white pawn at h2 can move to e3 as a legal pawn move."", ""(e3) - The destination square e3 is valid for the chess piece at h2 because the white pawn can move two squares forward on its first move.""]}, {""round"": 1, ""responses"": [""(e3) is a valid destination square for the chess piece at h2.  \nFinal answer: e3"", ""(e3) - The destination square e3 is a valid move for the piece at h2 because the white pawn can move two squares forward on its first move.  \nFinal Answer: e3"", ""(e3) - The destination square e3 is a valid move for the piece at h2 because the white pawn can move two squares forward on its first move. \n\nFinal Answer: e3""]}, {""round"": 2, ""responses"": [""Final Answer: e3"", ""Yes, the destination square e3 is a valid move for the piece at h2 because the white pawn can move two squares forward on its first move.  \nFinal Answer: e3"", ""Final answer: e3""]}]"
a6,r1bqkbnr/ppppp1p1/n6p/5p2/P1P5/1Q5P/1P1PPPP1/RNB1KBNR b KQkq - 1 4,"[Event ""?""]
[Site ""?""]
[Date ""????.??.??""]
[Round ""?""]
[White ""?""]
[Black ""?""]
[Result ""*""]

1. h3 h6 2. c4 Na6 3. a4 f5 4. Qb3 *",False,False,False,False,"(a5) - The destination square a5 is valid for the knight at a6 because a knight can move in an L-shape, two squares in one direction and then one square perpendicular to that.",a5,Final Answer: a5,Final Answer: a5,"[{""name"": ""Analyst"", ""reliability"": 0.40480000000000005}, {""name"": ""Analyst"", ""reliability"": 0.20480000000000007}, {""name"": ""Analyst"", ""reliability"": 0.20480000000000007}]","[""The destination square a5 is valid for the piece at a6 based on the knight's movement rules. \n\nFinal Answer: a5"", ""Final Answer: a5"", ""Final Answer: a5""]","[{""round"": 0, ""responses"": [""(a5) - The destination square a5 is valid for the piece at a6 because the knight can move two squares in one direction and one square in a perpendicular direction, allowing it to reach a5 from its current position."", ""(a5) is a valid destination square for the chess piece at a6.\nThis move is valid because the knight can move to a5 from a6 in one move."", ""(a5) - The destination square a5 is valid for the chess piece at a6 because the knight can move two squares in one direction and one square in a perpendicular direction, allowing it to reach a5 from its current position.""]}, {""round"": 1, ""responses"": [""The destination square a5 is a valid move for the knight at a6.  \nFinal answer: a5"", ""(a5) - The destination square a5 is valid for the piece at a6 because the knight can move two squares in one direction and one square in a perpendicular direction, allowing it to reach a5 from its current position.\n\nFinal Answer: a5"", ""(a5) - The destination square a5 is valid for the piece at a6 because the knight can move two squares in one direction and one square in a perpendicular direction, allowing it to reach a5 from its current position.\n\nFinal Answer: a5""]}, {""round"": 2, ""responses"": [""The destination square a5 is valid for the piece at a6 based on the knight's movement rules. \n\nFinal Answer: a5"", ""Final Answer: a5"", ""Final Answer: a5""]}]"
d2,rnbqkbnr/1pp2ppp/3pp3/p7/P7/5N1P/1PPPPPP1/RNBQKB1R w KQkq - 0 4,"[Event ""?""]
[Site ""?""]
[Date ""????.??.??""]
[Round ""?""]
[White ""?""]
[Black ""?""]
[Result ""*""]

1. h3 e6 2. a4 a5 3. Nf3 d6 *",False,False,False,False,"(e3) is a valid destination square for the chess piece at d2.
This move is valid because the pawn at d2 can move one square forward to e3.",e3,Final answer: e3,Final answer: e3,"[{""name"": ""Analyst"", ""reliability"": 0.3238400000000001}, {""name"": ""Analyst"", ""reliability"": 0.16384000000000007}, {""name"": ""Analyst"", ""reliability"": 0.16384000000000007}]","[""Final answer: e3"", ""Final answer: e3"", ""The destination square e4 is valid for the chess piece at d2 because it is a legal move for a White pawn to advance one square directly forward.  \nFinal answer: e4\n\n---\nThe destination square e4 is valid for the chess piece at d2 because it is a legal move for a White pawn to advance one square diagonally to capture the Black pawn at e6.  \nFinal answer: e4\n\nFinal answer: e4""]","[{""round"": 0, ""responses"": [""(e3) - The destination square e3 is valid for the chess piece at d2 because it is a legal move for a White pawn to advance one square diagonally to capture the Black pawn at e6."", ""(e3) - The destination square e3 is valid for the chess piece at d2 because it is a legal move for a White pawn to advance one square diagonally to capture an opponent's piece."", ""(e4)""]}, {""round"": 1, ""responses"": [""(e4) - The destination square e4 is valid for the chess piece at d2 because it is a legal move for a White pawn to advance one square directly forward.  \nFinal answer: e4"", ""The destination square e4 is valid for the chess piece at d2 because it is a legal move for a White pawn to advance one square diagonally to capture the Black pawn at e6.\n\nFinal answer: e4"", ""The destination square e3 is valid for the chess piece at d2 because it is a legal move for a White pawn to advance one square diagonally to capture an opponent's piece.  \nFinal answer: e3""]}, {""round"": 2, ""responses"": [""Final answer: e3"", ""Final answer: e3"", ""The destination square e4 is valid for the chess piece at d2 because it is a legal move for a White pawn to advance one square directly forward.  \nFinal answer: e4\n\n---\nThe destination square e4 is valid for the chess piece at d2 because it is a legal move for a White pawn to advance one square diagonally to capture the Black pawn at e6.  \nFinal answer: e4\n\nFinal answer: e4""]}]"
