question,gold,single,reflection,majority,debate_weighted,single_text,reflection_text,majority_text,debate_weighted_text,agent_meta,agent_final_texts,debate_history,A,B,C,D,subject
The cyclic subgroup of Z_24 generated by 18 has order,A,True,False,False,False,"The order of the cyclic subgroup generated by 18 in Z_24 is equal to the order of 18 modulo 24. The order is the smallest positive integer n such that 18n ≡ 0 (mod 24). In this case, the order is 4 because 18 * 4 = 72 ≡ 0 (mod 24). Therefore, the answer is A) 4. (A)",(D),"The cyclic subgroup of Z_24 generated by 18 has order 6 because the order of an element in a cyclic group is equal to the order of the subgroup it generates, and the order of 18 in Z_24 is 6. Therefore, the correct answer is D) 6. (D)","The cyclic subgroup of Z_24 generated by 18 has order 6 because the order of an element in a cyclic group is equal to the order of the subgroup it generates, and the order of 18 in Z_24 is 6. Therefore, the correct answer is D) 6. (D)","[{""name"": ""Analyst"", ""reliability"": 0.5}, {""name"": ""Analyst"", ""reliability"": 0.5}, {""name"": ""Analyst"", ""reliability"": 0.5}]","[""The cyclic subgroup of Z_24 generated by 18 has order 6 because the order of an element in a cyclic group is equal to the order of the subgroup it generates, and in this case, the order of 18 in Z_24 is 6. Therefore, the correct answer is 6. (D)"", ""The order of the cyclic subgroup of Z_24 generated by 18 is 6, so the correct answer is D) 6. (D)"", ""The cyclic subgroup of Z_24 generated by 18 has order 6 because the order of an element in a cyclic group is equal to the order of the subgroup it generates, and the order of 18 in Z_24 is 6. Therefore, the correct answer is D) 6. (D)""]","[{""round"": 0, ""responses"": [""The cyclic subgroup of Z_24 generated by 18 has order 6 because the order of an element in a cyclic group is equal to the order of the subgroup it generates, and the smallest positive integer k such that 18k is a multiple of 24 is k = 6. Therefore, the order is 6. (D)"", ""The cyclic subgroup of Z_24 generated by 18 has order 6 because the order of an element in a cyclic group is equal to the order of the subgroup it generates, and the order of 18 in Z_24 is 6. Therefore, the answer is D) 6. (D)"", ""The cyclic subgroup of Z_24 generated by 18 has order 4 because the order of an element in a cyclic group is equal to the order of the subgroup it generates, and the order of 18 in Z_24 is 4. Therefore, the answer is A) 4. (A)""]}, {""round"": 1, ""responses"": [""The cyclic subgroup of Z_24 generated by 18 has order 6 because the order of an element in a cyclic group is equal to the order of the subgroup it generates, and the order of 18 in Z_24 is 6. Therefore, the correct answer is D) 6. (D)"", ""The cyclic subgroup of Z_24 generated by 18 has order 4 because the order of an element in a cyclic group is equal to the order of the subgroup it generates, and the order of 18 in Z_24 is 4. Therefore, the correct answer is 4. (A)"", ""The cyclic subgroup of Z_24 generated by 18 has order 6 because the order of an element in a cyclic group is equal to the order of the subgroup it generates, and in this case, the order of 18 in Z_24 is 6. Therefore, the correct answer is (D) 6. (D)""]}, {""round"": 2, ""responses"": [""The cyclic subgroup of Z_24 generated by 18 has order 6 because the order of an element in a cyclic group is equal to the order of the subgroup it generates, and in this case, the order of 18 in Z_24 is 6. Therefore, the correct answer is 6. (D)"", ""The order of the cyclic subgroup of Z_24 generated by 18 is 6, so the correct answer is D) 6. (D)"", ""The cyclic subgroup of Z_24 generated by 18 has order 6 because the order of an element in a cyclic group is equal to the order of the subgroup it generates, and the order of 18 in Z_24 is 6. Therefore, the correct answer is D) 6. (D)""]}]",4,8,12,6,
Find the order of the factor group Z_6/<3>.,B,False,False,True,True,"The order of the factor group Z_6/<3> is 2. This is because the factor group Z_6/<3> consists of the cosets {0, 3} and {1, 4}. Therefore, the order of the factor group is 2. (A)",(A|B|C|D) B,"The order of the factor group Z_6/<3> is 3, as the subgroup generated by 3 in Z_6 has 2 elements. Therefore, the correct answer is B) 3. (B)","The order of the factor group Z_6/<3> is 3, as the subgroup generated by 3 in Z_6 has 2 elements. Therefore, the correct answer is B) 3. (B)","[{""name"": ""Analyst"", ""reliability"": 0.5}, {""name"": ""Analyst"", ""reliability"": 0.5}, {""name"": ""Analyst"", ""reliability"": 0.5}]","[""The correct answer is B) 3. (B)"", ""The correct answer is B) 3. (B)"", ""The order of the factor group Z_6/<3> is 3, as the subgroup generated by 3 in Z_6 has 2 elements. Therefore, the correct answer is B) 3. (B)""]","[{""round"": 0, ""responses"": [""The order of the factor group Z_6/<3> can be found by dividing the order of Z_6 by the order of the subgroup generated by 3 in Z_6. The subgroup generated by 3 in Z_6 is {0, 3}, which has 2 elements. Therefore, the order of the factor group Z_6/<3> is 6/2 = 3.\n\nAnswer: B) 3"", ""The order of the factor group Z_6/<3> is equal to the index of the subgroup generated by 3 in Z_6. Since the subgroup generated by 3 in Z_6 is {0, 3}, the index is 6/2 = 3. Therefore, the answer is B) 3. (B)"", ""The order of the factor group Z_6/<3> is equal to the index of the subgroup generated by 3 in Z_6. Since 3 generates a subgroup of Z_6 with 2 elements (0 and 3), the order of the factor group is 6/2 = 3. Therefore, the answer is B) 3. (B)""]}, {""round"": 1, ""responses"": [""The factor group Z_6/<3> has an order equal to the index of the subgroup generated by 3 in Z_6. Since the subgroup generated by 3 in Z_6 is {0, 3}, the index is 6/2 = 3. Therefore, the correct answer is B) 3. (B)"", ""The order of the factor group Z_6/<3> is indeed 3, as the subgroup generated by 3 in Z_6 has 2 elements. Therefore, the correct answer is B) 3. (B)"", ""The order of the factor group Z_6/<3> is 3. (X)""]}, {""round"": 2, ""responses"": [""The correct answer is B) 3. (B)"", ""The correct answer is B) 3. (B)"", ""The order of the factor group Z_6/<3> is 3, as the subgroup generated by 3 in Z_6 has 2 elements. Therefore, the correct answer is B) 3. (B)""]}]",2,3,6,12,
Statement 1 | A permutation that is a product of m even permutations and n odd permutations is an even permutation if and only if n is even. Statement 2 | Every group is isomorphic to a group of permutations.,A,False,False,False,False,"Statement 1 is true. Statement 2 is false. Therefore, the answer is C) True, False. (C)",The final choice is (B).,"True, True (C)","True, True (C)","[{""name"": ""Analyst"", ""reliability"": 0.5}, {""name"": ""Analyst"", ""reliability"": 0.5}, {""name"": ""Analyst"", ""reliability"": 0.5}]","[""The correct updated answer is (C) True, True. (C)"", ""True, True (C)"", ""True, True (A)""]","[{""round"": 0, ""responses"": [""Statement 1 is true. A permutation that is a product of m even permutations and n odd permutations is an even permutation if and only if n is even. Statement 2 is also true. Every group is isomorphic to a group of permutations. Therefore, the answer is (A) True, True."", ""Statement 1 is True. Statement 2 is True. Every group is isomorphic to a group of permutations (C)."", ""Statement 1 is true. A permutation that is a product of m even permutations and n odd permutations is an even permutation if and only if n is even. Statement 2 is also true. Every group is isomorphic to a group of permutations. Therefore, the correct answer is A) True, True. (A)""]}, {""round"": 1, ""responses"": [""The correct answer is True, True (A). Your solution matches the reasoning of other agents. (A)"", ""The updated answer is (A) True, True. (A)"", ""The updated answer is (C) True, True.""]}, {""round"": 2, ""responses"": [""The correct updated answer is (C) True, True. (C)"", ""True, True (C)"", ""True, True (A)""]}]","True, True","False, False","True, False","False, True",
Find the order of the factor group (Z_4 x Z_12)/(<2> x <2>),C,True,True,False,False,"The order of the factor group (Z_4 x Z_12)/(<2> x <2>) is 4. This is because the order of the factor group is equal to the order of the original group divided by the order of the subgroup generated by the elements in the given subgroup, which is <2> x <2>. Therefore, the answer is C) 4. (C)",(C),"The correct order of the factor group (Z_4 x Z_12)/(<2> x <2>) is 12, not 3. The correct answer is D) 12. (D)","The correct order of the factor group (Z_4 x Z_12)/(<2> x <2>) is 12, not 3. The correct answer is D) 12. (D)","[{""name"": ""Analyst"", ""reliability"": 0.5}, {""name"": ""Analyst"", ""reliability"": 0.5}, {""name"": ""Analyst"", ""reliability"": 0.5}]","[""The factor group (Z_4 x Z_12)/(<2> x <2>) has an order of 12, not 3. The correct answer is D) 12. (D)"", ""The correct order of the factor group (Z_4 x Z_12)/(<2> x <2>) is 12, not 3. The correct answer is D) 12. (D)"", ""The factor group (Z_4 x Z_12)/(<2> x <2>) has order 12 because the order is |G| / |H|, where |G| = 4 * 12 = 48 and |H| = 2^2 = 4, so the order is 48 / 4 = 12, which is the correct answer. (12)""]","[{""round"": 0, ""responses"": [""The order of the factor group (Z_4 x Z_12)/(<2> x <2>) is 3. This is because the order of the factor group is given by the formula |G| / |H|, where G is the original group and H is the subgroup. In this case, |Z_4 x Z_12| = 4 * 12 = 48 and |<2> x <2>| = 2 * 2 = 4. Therefore, the order is 48 / 4 = 12. The factor group has order 12, and since 12 is not an option, the correct answer is the factor group has order 3 (B)."", ""The order of the factor group is equal to the order of the original group divided by the order of the subgroup. \n\nOrder of (Z_4 x Z_12) = 4 * 12 = 48\nOrder of (<2> x <2>) = 2 * 2 = 4\n\nTherefore, the order of the factor group is 48/4 = 12.\n\nAnswer: D) 12"", ""The order of the factor group (Z_4 x Z_12)/(<2> x <2>) is 3. This is because the order of the factor group is given by |Z_4 x Z_12| / |<2> x <2>|, which simplifies to (4 * 12) / 2^2 = 3. Therefore, the answer is B) 3. (B)""]}, {""round"": 1, ""responses"": [""(12)"", ""The factor group (Z_4 x Z_12)/(<2> x <2>) has order 3 because the order is |G| / |H|, where |G| = 4 * 12 = 48 and |H| = 2^2 = 4, so the order is 48 / 4 = 12, not an option, hence the correct answer is 3 (B). (3)"", ""The order of the factor group (Z_4 x Z_12)/(<2> x <2>) is 12, not 3. The correct answer is D) 12. (D)""]}, {""round"": 2, ""responses"": [""The factor group (Z_4 x Z_12)/(<2> x <2>) has an order of 12, not 3. The correct answer is D) 12. (D)"", ""The correct order of the factor group (Z_4 x Z_12)/(<2> x <2>) is 12, not 3. The correct answer is D) 12. (D)"", ""The factor group (Z_4 x Z_12)/(<2> x <2>) has order 12 because the order is |G| / |H|, where |G| = 4 * 12 = 48 and |H| = 2^2 = 4, so the order is 48 / 4 = 12, which is the correct answer. (12)""]}]",2,3,4,12,
Find the maximum possible order for some element of Z_4 x Z_6.,C,True,False,True,True,"The maximum possible order for an element of Z_4 x Z_6 is the least common multiple of the orders of the two groups, which is lcm(4, 6) = 12. Therefore, the answer is C) 12. (C)",(A|B|C|D) C,The correct answer is C) 12. (C),The correct answer is C) 12. (C),"[{""name"": ""Analyst"", ""reliability"": 0.5}, {""name"": ""Analyst"", ""reliability"": 0.5}, {""name"": ""Analyst"", ""reliability"": 0.5}]","[""Based on the given reasoning and the least common multiple of the orders of Z_4 and Z_6, the correct answer is C) 12. (C)"", ""The correct answer is C) 12. (C)"", ""The maximum possible order for an element in Z_4 x Z_6 is the least common multiple of the orders of the two groups, which is lcm(4, 6) = 12. Therefore, the correct answer is C) 12. (A)""]","[{""round"": 0, ""responses"": [""The maximum possible order for an element of Z_4 x Z_6 is the least common multiple of the orders of the two groups, which is lcm(4, 6) = 12. Therefore, the correct answer is C) 12. (C)"", ""The maximum possible order for an element of Z_4 x Z_6 is the least common multiple of the orders of the two groups, which is lcm(4, 6) = 12. Therefore, the correct answer is C) 12. (C)"", ""The maximum possible order for an element in Z_4 x Z_6 is the least common multiple of the orders of the two groups, which is lcm(4, 6) = 12. Therefore, the correct answer is C) 12. (C)""]}, {""round"": 1, ""responses"": [""The maximum possible order for an element of Z_4 x Z_6 is the least common multiple of the orders of the two groups, which is lcm(4, 6) = 12. Therefore, the correct answer is C) 12. (C)"", ""The maximum possible order for an element in Z_4 x Z_6 is the least common multiple of the orders of the two groups, which is lcm(4, 6) = 12. Therefore, the correct answer is C) 12. (C)"", ""The correct answer is C) 12. (C)""]}, {""round"": 2, ""responses"": [""Based on the given reasoning and the least common multiple of the orders of Z_4 and Z_6, the correct answer is C) 12. (C)"", ""The correct answer is C) 12. (C)"", ""The maximum possible order for an element in Z_4 x Z_6 is the least common multiple of the orders of the two groups, which is lcm(4, 6) = 12. Therefore, the correct answer is C) 12. (A)""]}]",4,6,12,24,
Statement 1 | The symmetric group S_3 is cyclic. Statement 2 | Every group is isomorphic to some group of permutations.,D,False,False,False,False,"Statement 1 is false because the symmetric group S_3 is not cyclic. Statement 2 is true because every group is isomorphic to some group of permutations. Therefore, the correct answer is (D) False, True.","(D) False, True","The correct answer is (D) False, True. (✓)","The correct answer is (D) False, True. (✓)","[{""name"": ""Analyst"", ""reliability"": 0.5}, {""name"": ""Analyst"", ""reliability"": 0.5}, {""name"": ""Analyst"", ""reliability"": 0.5}]","[""The correct answer is (D) False, True. (✓)"", ""The correct answer is (D) False, True. Based on the reasoning provided by other agents, the updated answer should be (D) False, True. (✓)"", ""The correct updated answer is (D) True, True. (✓)""]","[{""round"": 0, ""responses"": [""Statement 1 is false because the symmetric group S_3 is not cyclic. Statement 2 is true due to Cayley's theorem, which states that every group is isomorphic to some group of permutations. Therefore, the correct answer is (D) False, True."", ""Statement 1 is false because the symmetric group S_3 is not cyclic. Statement 2 is true because of Cayley's theorem, which states that every group is isomorphic to some group of permutations. Therefore, the correct answer is (D) False, True."", ""Statement 1 is false because the symmetric group S_3 is not cyclic. Statement 2 is true because of Cayley's theorem, which states that every group is isomorphic to some group of permutations. Therefore, the correct answer is (D) False, True.""]}, {""round"": 1, ""responses"": [""The updated answer should be (D) False, True. (X)"", ""The updated answer is (D) False, True. (X)"", ""The correct answer is (D) False, True. (X)""]}, {""round"": 2, ""responses"": [""The correct answer is (D) False, True. (✓)"", ""The correct answer is (D) False, True. Based on the reasoning provided by other agents, the updated answer should be (D) False, True. (✓)"", ""The correct updated answer is (D) True, True. (✓)""]}]","True, True","False, False","True, False","False, True",
"Statement 1 | If a and b are elements of finite order in an Abelian group, then |ab| is the lcm (|a|,|b|). Statement 2 | If g is a group element and g^n = e, then |g| = n.",B,False,False,True,True,"Statement 1 is true, as it is a property of elements of finite order in an Abelian group. Statement 2 is false, as the order of an element g is the smallest positive integer n such that g^n = e. Therefore, the correct answer is C) True, False. (C)","The updated final choice is (B) False, True.","The correct answer is False, True. (B)","The correct answer is False, True. (B)","[{""name"": ""Analyst"", ""reliability"": 0.5}, {""name"": ""Analyst"", ""reliability"": 0.5}, {""name"": ""Analyst"", ""reliability"": 0.5}]","[""Based on the updated information and reasoning from other agents, the correct answer is True, False (C)."", ""Based on the information provided, the correct answer is C) True, False. (C)."", ""The correct answer is False, True. (B)""]","[{""round"": 0, ""responses"": [""Statement 1 is true. Statement 2 is false. Therefore, the answer is C) True, False. (C)"", ""Statement 1 is true. This statement is a property of Abelian groups.\nStatement 2 is false. The order of an element is the smallest positive integer n such that g^n = e, not necessarily equal to n.\n\nTherefore, the answer is C) True, False. (C)"", ""Statement 1 is true. Statement 2 is false. Therefore, the answer is C) True, False. (C)""]}, {""round"": 1, ""responses"": [""The correct answer is C) True, False. (C)"", ""The correct answer is False, True. (B)"", ""Based on the updated information provided, the correct answer is C) True, False. (C)""]}, {""round"": 2, ""responses"": [""Based on the updated information and reasoning from other agents, the correct answer is True, False (C)."", ""Based on the information provided, the correct answer is C) True, False. (C)."", ""The correct answer is False, True. (B)""]}]","True, True","False, False","True, False","False, True",
"Statement 1 | If f is a homomorphism from G to K and H is normal in G then f(H) is normal in K. Statement 2 | If f is a homomorphism from G to a group and H is finite subgroup of G, then |f(H)| divides |H|.",D,False,False,False,False,"Statement 1 is true because the image of a normal subgroup under a homomorphism is normal. Statement 2 is false because the order of the image of a subgroup under a homomorphism does not necessarily divide the order of the subgroup. Therefore, the answer is C) True, False. (C)","The final choice is (A) True, True.","The correct updated answer is: True, False (C) (A)","The correct updated answer is: True, False (C) (A)","[{""name"": ""Analyst"", ""reliability"": 0.5}, {""name"": ""Analyst"", ""reliability"": 0.5}, {""name"": ""Analyst"", ""reliability"": 0.5}]","[""The correct answer is (C) True, False (C)."", ""The correct answer is: True, False (C)"", ""The correct updated answer is: True, False (C) (A)""]","[{""round"": 0, ""responses"": [""Statement 1 is true because the image of a normal subgroup under a homomorphism is normal. Statement 2 is false because the order of the image of a subgroup under a homomorphism does not necessarily divide the order of the subgroup. Therefore, the answer is (C) True, False."", ""Statement 1 is true as the image of a normal subgroup under a homomorphism is normal. Statement 2 is false as the order of the image of a subgroup under a homomorphism does not necessarily divide the order of the subgroup itself. Therefore, the correct answer is C) True, False. (C)"", ""Statement 1 is true because the image of a normal subgroup under a homomorphism is normal. Statement 2 is false because the order of the image of a subgroup under a homomorphism does not necessarily divide the order of the subgroup. Therefore, the answer is C) True, False (C).""]}, {""round"": 1, ""responses"": [""The updated answer is: True, False (C)"", ""The updated answer is (C) True, False (C)."", ""The image of a normal subgroup under a homomorphism is normal, so Statement 1 is true. However, the order of the image of a subgroup under a homomorphism does not necessarily divide the order of the subgroup, making Statement 2 false. Therefore, the correct answer is (C) True, False. (C)""]}, {""round"": 2, ""responses"": [""The correct answer is (C) True, False (C)."", ""The correct answer is: True, False (C)"", ""The correct updated answer is: True, False (C) (A)""]}]","True, True","False, False","True, False","False, True",
Find the maximum possible order for an element of S_n for n = 7.,B,False,False,False,False,"The maximum possible order for an element of S_7 is 105. This is because the order of an element in S_n is equal to the least common multiple of the lengths of its disjoint cycles, and in S_7, the maximum possible order is achieved when the element consists of disjoint cycles of lengths 7, 6, 5, 4, 3, 2, and 1. Therefore, the maximum possible order is LCM(7, 6, 5, 4, 3, 2, 1) = 105. (D)",(D),"The maximum possible order for an element of \(S_7\) is 105, achieved when the disjoint cycles have lengths that are coprime. Therefore, the answer is D) 105. (D)","The maximum possible order for an element of \(S_7\) is 105, achieved when the disjoint cycles have lengths that are coprime. Therefore, the answer is D) 105. (D)","[{""name"": ""Analyst"", ""reliability"": 0.5}, {""name"": ""Analyst"", ""reliability"": 0.5}, {""name"": ""Analyst"", ""reliability"": 0.5}]","[""The maximum possible order for an element of \\(S_7\\) is 105, achieved when the disjoint cycles have lengths 7, 6, 5, 4, 3, 2, and 1. Therefore, the correct answer is D) 105. (D)"", ""The maximum possible order for an element of \\(S_7\\) is 105, achieved when the disjoint cycles have lengths 7, 6, 5, 4, 3, 2, and 1. Therefore, the answer is D) 105. (D)"", ""The maximum possible order for an element of \\(S_7\\) is 105, achieved when the disjoint cycles have lengths that are coprime. Therefore, the answer is D) 105. (D)""]","[{""round"": 0, ""responses"": [""The maximum possible order for an element of S_n for n = 7 is 105. This is because the order of an element in S_n is equal to the least common multiple of the lengths of its disjoint cycles, and for n = 7, the maximum possible order is achieved when the disjoint cycles have lengths 7, 6, 5, 4, 3, 2, and 1. Therefore, the maximum possible order is lcm(7, 6, 5, 4, 3, 2, 1) = 105. \n\nAnswer: D) 105"", ""The maximum possible order for an element of S_n for n = 7 is 105. This is because the order of an element in S_n is equal to the least common multiple of the lengths of its disjoint cycles, and in this case, the maximum possible order is achieved when the disjoint cycles have lengths that are coprime. Therefore, the answer is D) 105. (D)"", ""The maximum possible order for an element of \\(S_7\\) is 105. This is because the order of an element in \\(S_n\\) is equal to the least common multiple (LCM) of the cycle lengths in its cycle decomposition. For a permutation in \\(S_7\\), the maximum possible order occurs when the cycle lengths are 7, 6, 5, 4, 3, 2, and 1, which gives an LCM of 105. Therefore, the answer is D) 105. (D)""]}, {""round"": 1, ""responses"": [""The maximum possible order for an element of \\(S_7\\) is 105, achieved when the disjoint cycles have lengths that are coprime. Therefore, the answer is D) 105. (D)"", ""The maximum possible order for an element of \\(S_7\\) is 105, achieved when the disjoint cycles have lengths 7, 6, 5, 4, 3, 2, and 1. Therefore, the answer is D) 105. (D)"", ""The maximum possible order for an element of S_7 is 105, achieved when the disjoint cycles have lengths 7, 6, 5, 4, 3, 2, and 1. Therefore, the answer is D) 105. (D)""]}, {""round"": 2, ""responses"": [""The maximum possible order for an element of \\(S_7\\) is 105, achieved when the disjoint cycles have lengths 7, 6, 5, 4, 3, 2, and 1. Therefore, the correct answer is D) 105. (D)"", ""The maximum possible order for an element of \\(S_7\\) is 105, achieved when the disjoint cycles have lengths 7, 6, 5, 4, 3, 2, and 1. Therefore, the answer is D) 105. (D)"", ""The maximum possible order for an element of \\(S_7\\) is 105, achieved when the disjoint cycles have lengths that are coprime. Therefore, the answer is D) 105. (D)""]}]",6,12,30,105,
Statement 1 | Every integral domain has a field of quotients. Statement 2 | A polynomial of degree n over a ring can have at most n zeros counting multiplicity.,C,False,False,True,True,"A) True, False

Explanation: Statement 1 is true because every integral domain has a field of quotients by construction. Statement 2 is false because a polynomial of degree n over a ring can have fewer than n zeros counting multiplicity, for example, if some zeros coincide. (A)","The correct final choice is (B) False, True.","True, False (C) is the correct answer based on the solutions provided by other agents. (C)","True, False (C) is the correct answer based on the solutions provided by other agents. (C)","[{""name"": ""Analyst"", ""reliability"": 0.4}, {""name"": ""Analyst"", ""reliability"": 0.4}, {""name"": ""Analyst"", ""reliability"": 0.4}]","[""True, False (C) is the correct answer based on the solutions provided by other agents. (C)"", ""The correct updated answer is (C) True, False."", ""The updated answer should be (C) True, False, based on the solutions provided by other agents.""]","[{""round"": 0, ""responses"": [""Statement 1 is true because every integral domain has a field of quotients by the construction of fraction fields. Statement 2 is false because a polynomial of degree n over a ring can have more than n zeros counting multiplicity, especially in the presence of repeated roots. Therefore, the answer is C) True, False. (C)"", ""Statement 1 is true as every integral domain has a field of quotients by definition. Statement 2 is false as a polynomial of degree n over a ring can have more than n zeros counting multiplicity, especially in the case of repeated roots. Therefore, the answer is (C) True, False."", ""A) True, False\nStatement 1 is true because every integral domain has a field of quotients by construction. Statement 2 is false because a polynomial of degree n over a ring can have fewer than n zeros counting multiplicity, especially if the ring is not algebraically closed. (A)""]}, {""round"": 1, ""responses"": [""The updated answer is (C) True, False."", ""True, False (C)"", ""The updated answer is True, False (C).""]}, {""round"": 2, ""responses"": [""True, False (C) is the correct answer based on the solutions provided by other agents. (C)"", ""The correct updated answer is (C) True, False."", ""The updated answer should be (C) True, False, based on the solutions provided by other agents.""]}]","True, True","False, False","True, False","False, True",
